,event_id,user_id,event_type,feature_name,occurred_at
0,1,655,,Integrations,2025-09-08 22:42:37
1,2,115,Featureused,Integrations,2025-05-30 06:49:08
2,3,26,Pageview,,2025-09-01 23:07:00
3,4,82,Pageview,Na,2025-10-14 03:45:40
4,5,655,Featureused,Integrations,2025-10-09 08:34:42
5,6,,Featureused,Alerts,
6,7,666,Featureused,Integrations,
7,,,,,2025-07-17 16:12:22
8,9,617,Login,Na,2025-06-04 09:24:57
9,10,159,,,2025-06-30 19:26:05
10,,345,Pageview,,2025-08-01 17:49:56
11,12,637,Featureused,Alerts,2025-05-24 07:46:21
12,13,347,,,2025-06-17 14:57:23
13,14,690,Featureused,Alerts,
14,15,582,,Alerts,2025-06-22 09:52:38
15,,140,Featureused,Alerts,2025-10-24 03:20:34
16,17,135,Featureused,Reports,2025-10-09 11:22:13
17,18,80,Featureused,Experiments,2025-08-27 08:02:55
18,19,346,Featureused,Alerts,2025-06-02 16:53:26
19,,361,Featureused,Reports,
20,21,194,Featureused,Experiments,2025-06-18 02:41:34
21,22,247,Featureused,Experiments,2025-06-02 07:24:02
22,23,64,Signupcompleted,Na,
23,24,606,Featureused,,2025-09-18 00:14:13
24,,404,Featureused,Alerts,2025-06-01 00:03:03
25,26,5,Pageview,,2025-08-07 13:10:27
26,27,156,,Dashboard,2025-08-09 09:52:11
27,28,617,Pageview,,
28,29,341,Signupcompleted,,2025-09-17 14:40:41
29,30,221,Featureused,,
30,31,434,Login,Na,2025-11-02 21:32:31
31,32,194,Pageview,,2025-10-17 02:37:24
32,,614,Pageview,Na,2025-09-09 09:39:52
33,34,111,Pageview,,2025-10-01 23:42:28
34,35,419,Login,,2025-09-27 10:55:47
35,36,565,Featureused,,2025-09-13 01:00:33
36,37,168,Featureused,,
37,38,130,Featureused,Experiments,2025-10-24 20:29:31
38,39,511,Pageview,,2025-08-09 20:16:06
39,40,,Featureused,,2025-06-23 18:44:15
40,41,574,Featureused,Alerts,2025-09-03 04:52:20
41,42,605,Pageview,,2025-09-19 02:19:53
42,,71,Featureused,Alerts,2025-05-31 00:13:02
43,44,306,Featureused,,2025-05-26 19:06:54
44,,588,Featureused,Alerts,2025-07-30 22:10:59
45,46,249,Featureused,Integrations,2025-10-03 16:54:06
46,47,124,Featureused,Alerts,2025-09-25 03:04:22
47,48,169,Featureused,Alerts,2025-09-20 02:00:30
48,49,692,Featureused,Experiments,2025-06-27 01:23:50
49,,6,,,2025-10-19 01:54:31
50,51,495,Featureused,Alerts,2025-07-11 10:47:21
51,52,413,Featureused,Integrations,2025-08-01 12:43:40
52,53,265,Featureused,Alerts,2025-06-05 01:13:08
53,54,1,Featureused,Alerts,2025-10-17 13:26:04
54,55,322,Featureused,Integrations,2025-06-13 03:08:54
55,56,316,Featureused,Alerts,2025-08-17 14:19:40
56,57,628,Featureused,Reports,2025-10-01 10:55:25
57,58,133,Featureused,Integrations,2025-06-21 08:01:22
58,59,174,,Integrations,2025-06-21 21:17:55
59,60,,Featureused,Alerts,2025-06-20 06:25:30
60,61,275,Featureused,Integrations,2025-06-16 22:19:21
61,62,288,,,2025-06-27 19:37:36
62,63,143,,,2025-08-21 11:40:51
63,64,482,Featureused,Integrations,2025-07-05 09:52:22
64,65,510,,,2025-06-02 09:29:25
65,66,683,Pageview,,2025-08-02 03:56:07
66,67,,Featureused,Integrations,2025-05-24 20:36:11
67,68,576,Featureused,Alerts,
68,,701,Pageview,Na,
69,70,617,Featureused,Alerts,2025-09-13 19:14:27
70,71,630,Pageview,Na,2025-10-24 12:02:17
71,72,179,Featureused,Experiments,2025-08-05 20:08:03
72,73,,Featureused,Alerts,2025-07-17 02:56:09
73,74,304,Featureused,Alerts,2025-07-19 20:41:58
74,75,195,Pageview,Na,2025-06-23 19:50:12
75,76,466,Invitationsent,,2025-07-09 11:22:55
76,77,694,Featureused,Reports,2025-07-08 09:57:29
77,78,555,Featureused,Alerts,2025-07-19 13:59:25
78,79,323,Featureused,Integrations,2025-10-26 22:14:04
79,80,22,Featureused,Alerts,2025-09-03 08:48:12
80,81,111,Pageview,,
81,82,304,Featureused,Integrations,2025-10-10 06:34:43
82,83,626,Featureused,Integrations,2025-09-06 13:24:37
83,84,,Featureused,Integrations,2025-08-11 02:23:25
84,85,444,Featureused,,2025-07-27 11:09:08
85,86,,Featureused,Alerts,
86,87,,Pageview,,2025-06-12 23:55:07
87,88,534,Featureused,Integrations,2025-06-02 01:47:16
88,89,,Featureused,,2025-08-12 08:03:20
89,90,380,Featureused,Integrations,2025-10-20 15:15:22
90,,,Featureused,Alerts,2025-09-06 21:43:58
91,92,475,Featureused,Alerts,2025-08-15 22:40:02
92,93,664,Featureused,Integrations,2025-09-14 19:09:34
93,94,519,Featureused,,2025-11-02 17:18:44
94,95,196,Featureused,Alerts,
95,96,704,Featureused,Integrations,2025-07-20 21:04:46
96,97,,Featureused,Integrations,2025-06-09 05:33:26
97,98,,Featureused,Alerts,2025-05-21 17:32:52
98,99,611,Featureused,,2025-08-30 11:18:59
99,100,666,Featureused,Integrations,2025-10-11 08:00:56
100,101,448,Featureused,Alerts,2025-07-25 21:55:36
101,102,198,Featureused,Integrations,2025-09-28 05:09:01
102,103,68,Featureused,Integrations,
103,104,131,Featureused,Alerts,
104,105,410,Featureused,Integrations,2025-09-05 19:35:05
105,106,353,Featureused,Integrations,2025-09-01 00:10:10
106,107,365,Featureused,Alerts,2025-10-08 17:05:11
107,108,235,Featureused,Integrations,2025-10-19 16:20:36
108,109,179,Pageview,,2025-10-02 13:27:11
109,110,510,Featureused,Integrations,2025-10-18 11:58:11
110,111,444,Pageview,,2025-09-10 13:55:33
111,112,642,Featureused,Integrations,2025-07-02 04:06:46
112,113,259,Featureused,Integrations,2025-09-04 09:50:43
113,114,315,Featureused,Alerts,2025-06-12 01:10:33
114,115,648,Featureused,Integrations,2025-06-12 10:54:51
115,116,612,Featureused,Integrations,2025-06-06 11:29:35
116,117,203,Pageview,Na,2025-06-27 06:57:50
117,118,,Featureused,Reports,2025-07-29 08:19:35
118,119,145,Featureused,Alerts,2025-05-24 21:59:48
119,120,615,Featureused,Alerts,
120,121,26,,Integrations,2025-05-24 09:33:01
121,122,654,Featureused,Integrations,2025-05-24 11:02:03
122,123,702,Featureused,Alerts,2025-09-09 01:42:55
123,124,252,Featureused,Integrations,2025-09-08 12:36:13
124,125,151,Featureused,Integrations,2025-07-05 23:23:18
125,126,182,Featureused,,2025-11-04 09:56:20
126,127,392,Featureused,Alerts,2025-08-07 15:06:56
127,128,676,Featureused,Dashboard,2025-10-31 10:09:03
128,129,38,Featureused,,
129,130,586,Featureused,Alerts,2025-10-14 14:26:39
130,131,,Featureused,,2025-05-29 15:02:22
131,132,171,Featureused,Integrations,2025-07-03 10:19:00
132,133,569,Login,Na,2025-10-24 23:16:36
133,134,209,Featureused,Alerts,2025-05-23 21:48:19
134,135,553,Featureused,Alerts,2025-08-22 13:24:15
135,136,399,,Integrations,2025-08-07 13:54:30
136,137,347,Featureused,Alerts,2025-07-17 20:27:28
137,,689,Pageview,,2025-10-22 07:07:34
138,139,347,Featureused,,2025-08-28 07:21:33
139,140,252,Featureused,Alerts,2025-06-05 01:01:54
140,141,261,Featureused,Dashboard,2025-09-12 03:46:33
141,142,225,,Integrations,2025-08-22 06:22:40
142,143,,Featureused,Integrations,2025-09-10 13:19:03
143,144,189,Featureused,Integrations,2025-07-11 16:01:45
144,145,420,Featureused,Alerts,2025-10-31 03:50:55
145,146,287,Featureused,Integrations,2025-09-04 06:41:17
146,147,363,Featureused,Alerts,2025-11-03 00:58:01
147,148,,,Alerts,2025-06-01 01:13:30
148,,687,Featureused,Alerts,2025-10-11 10:19:09
149,150,13,Pageview,,2025-07-10 22:52:21
150,151,150,Featureused,Alerts,2025-08-18 10:04:37
151,152,686,Featureused,Integrations,2025-06-19 00:53:32
152,153,183,Featureused,Alerts,2025-09-13 22:05:53
153,154,,Featureused,Integrations,2025-09-04 03:36:01
154,155,67,Featureused,Integrations,2025-11-01 04:39:43
155,156,281,Featureused,Alerts,2025-07-01 10:27:11
156,157,380,Featureused,Integrations,2025-07-05 12:07:40
157,158,666,Featureused,Alerts,
158,,132,Featureused,Dashboard,2025-08-26 21:29:10
159,160,428,,,2025-06-03 14:20:37
160,161,177,Featureused,Alerts,2025-07-18 04:27:54
161,162,221,Featureused,Alerts,2025-05-20 18:51:40
162,163,655,Featureused,Integrations,2025-06-26 22:41:24
163,164,199,Featureused,Dashboard,2025-08-13 04:57:30
164,165,427,Login,,2025-08-09 00:12:57
165,166,355,Featureused,Integrations,2025-10-16 04:35:59
166,,453,Featureused,Alerts,2025-06-30 13:57:38
167,168,26,Featureused,Integrations,2025-09-24 21:27:31
168,,545,,,2025-08-29 06:50:38
169,,65,Featureused,Integrations,2025-10-29 13:23:33
170,171,599,,Integrations,2025-05-20 23:40:41
171,172,458,Featureused,Dashboard,2025-07-08 19:02:15
172,173,405,Featureused,,2025-06-10 00:27:21
173,174,693,Featureused,Integrations,2025-06-27 10:53:26
174,175,338,Featureused,Alerts,2025-09-30 03:37:32
175,176,17,Featureused,Integrations,2025-09-26 20:32:51
176,177,,,,2025-09-08 11:46:32
177,,488,Featureused,Reports,2025-10-25 16:26:18
178,179,643,Featureused,Integrations,2025-07-26 19:39:10
179,180,46,Featureused,Alerts,2025-10-01 09:24:18
180,181,442,Featureused,Integrations,2025-10-06 23:58:15
181,182,682,Pageview,Na,2025-08-05 01:45:45
182,183,597,,Integrations,2025-10-20 14:44:17
183,184,,Featureused,Integrations,2025-06-28 22:30:21
184,185,591,Featureused,Alerts,2025-10-13 10:02:12
185,186,,Featureused,Alerts,
186,187,115,Featureused,Alerts,2025-09-25 22:35:06
187,188,67,Featureused,Integrations,2025-10-21 12:20:21
188,189,,Featureused,,2025-09-05 23:10:21
189,190,264,Featureused,Reports,2025-08-26 01:37:06
190,,173,Featureused,Alerts,2025-06-05 13:38:34
191,192,351,Featureused,,2025-08-09 03:23:19
192,193,646,Featureused,Alerts,2025-07-22 03:08:27
193,194,65,Featureused,Alerts,2025-06-18 17:44:01
194,195,468,Featureused,Integrations,2025-08-28 11:46:29
195,196,,,,2025-08-18 00:15:05
196,197,,Featureused,Integrations,2025-10-12 10:05:31
197,198,8,Login,,2025-09-21 02:01:25
198,199,,Featureused,Integrations,2025-07-29 23:33:42
199,200,586,Pageview,,2025-10-23 20:19:49
200,201,152,Featureused,Alerts,2025-07-31 23:38:23
201,202,569,Featureused,Integrations,2025-07-13 09:53:13
202,203,507,,,2025-05-26 09:00:41
203,204,399,Featureused,Alerts,2025-11-03 12:52:23
204,205,53,Featureused,Integrations,2025-06-25 20:02:15
205,206,437,Featureused,Alerts,2025-09-19 10:30:16
206,207,102,Featureused,Reports,2025-09-28 15:49:09
207,,34,Featureused,Integrations,2025-10-18 21:40:32
208,209,475,Featureused,,2025-10-08 13:44:27
209,210,429,Featureused,,2025-05-28 23:26:26
210,211,708,Pageview,,
211,212,234,Featureused,Alerts,
212,213,635,Featureused,Alerts,2025-11-04 22:23:55
213,214,302,,Alerts,2025-09-19 22:15:23
214,215,81,Featureused,Alerts,2025-10-29 11:11:22
215,216,558,Featureused,Integrations,2025-09-16 17:44:44
216,217,442,Featureused,Alerts,2025-08-27 19:26:05
217,218,318,Featureused,Integrations,2025-08-20 02:10:55
218,219,403,Featureused,,
219,220,231,Featureused,Alerts,2025-09-02 23:34:48
220,221,271,Featureused,,
221,,121,Featureused,Alerts,2025-09-13 16:54:43
222,,78,Pageview,,2025-06-17 13:54:21
223,224,615,Featureused,Alerts,2025-06-13 09:30:10
224,225,341,Featureused,,2025-06-22 13:53:43
225,226,111,Featureused,Integrations,2025-06-30 22:33:16
226,227,461,Featureused,Integrations,2025-09-13 05:16:06
227,228,417,Featureused,Alerts,
228,229,470,,Alerts,2025-09-01 15:25:47
229,230,259,,Alerts,2025-09-12 23:15:51
230,231,485,Featureused,,2025-08-03 06:28:56
231,232,285,Featureused,Alerts,2025-09-06 04:09:44
232,233,88,Featureused,Integrations,2025-09-18 05:04:04
233,234,584,Featureused,Integrations,2025-05-31 18:56:28
234,235,627,Featureused,Alerts,2025-10-03 02:58:47
235,236,211,Featureused,Integrations,
236,237,615,Featureused,Alerts,2025-08-24 06:58:02
237,238,594,Featureused,Integrations,2025-10-25 00:14:12
238,239,551,Featureused,Alerts,2025-09-01 12:43:46
239,240,377,Featureused,Integrations,
240,241,,Featureused,Integrations,2025-06-05 14:01:06
241,242,424,Featureused,,2025-08-31 06:08:14
242,243,48,Featureused,,2025-09-30 15:28:28
243,244,,Featureused,Experiments,2025-10-26 03:01:31
244,245,621,Featureused,Integrations,2025-07-30 09:22:21
245,246,347,Featureused,Alerts,2025-06-30 18:27:23
246,247,663,Featureused,,2025-11-04 04:13:32
247,248,708,Featureused,Alerts,2025-09-18 18:54:05
248,249,631,Featureused,Integrations,2025-08-10 17:53:23
249,250,600,Featureused,Integrations,2025-07-15 18:40:11
250,251,443,Featureused,Integrations,
251,252,354,Featureused,Integrations,2025-11-07 23:46:21
252,253,71,Featureused,Integrations,2025-08-25 08:51:36
253,254,685,Featureused,Alerts,
254,255,21,Featureused,Alerts,
255,256,592,Featureused,Alerts,2025-07-21 01:48:55
256,257,433,Featureused,Alerts,
257,258,571,Featureused,Integrations,2025-10-02 04:09:49
258,,410,,Integrations,2025-06-04 16:06:19
259,260,131,Featureused,Integrations,2025-10-09 22:11:11
260,261,371,Featureused,Alerts,2025-06-06 15:58:24
261,262,98,Featureused,Alerts,2025-06-29 09:40:09
262,263,248,Pageview,,2025-11-02 15:04:08
263,264,60,,Alerts,2025-06-26 00:38:50
264,265,198,Featureused,Alerts,2025-08-21 05:18:18
265,266,398,Featureused,Alerts,2025-07-21 16:08:13
266,,601,,Alerts,2025-06-30 07:44:38
267,268,480,Login,,2025-08-03 23:12:07
268,269,498,Featureused,Integrations,2025-09-01 11:37:05
269,270,,Featureused,Alerts,2025-10-25 08:12:17
270,271,703,,Integrations,2025-09-01 04:39:36
271,272,492,Featureused,,2025-09-18 20:32:09
272,273,608,Featureused,Alerts,2025-06-16 23:44:16
273,,486,Featureused,Alerts,2025-08-03 09:55:10
274,275,539,Featureused,,2025-06-22 20:28:09
275,276,295,Featureused,Integrations,2025-09-15 10:18:10
276,277,80,Featureused,Alerts,
277,278,497,Featureused,Alerts,2025-10-22 18:29:34
278,279,572,Featureused,Integrations,2025-07-14 15:22:22
279,,576,Featureused,Integrations,2025-08-26 22:06:32
280,281,556,Featureused,Integrations,2025-09-18 02:48:15
281,282,68,Featureused,Integrations,2025-06-02 04:37:10
282,283,411,Featureused,,2025-10-24 02:54:08
283,284,81,Featureused,Alerts,2025-09-10 04:08:21
284,,445,Featureused,Alerts,2025-07-06 14:37:55
285,286,530,Featureused,Integrations,2025-06-21 08:36:28
286,,612,Featureused,Integrations,2025-06-15 09:10:52
287,288,602,Featureused,Integrations,2025-07-25 09:58:09
288,289,264,Featureused,Reports,2025-08-12 04:22:53
289,290,529,,Integrations,2025-10-18 02:33:40
290,291,55,Featureused,Alerts,
291,292,174,Featureused,Alerts,2025-09-20 02:41:36
292,,366,Featureused,Alerts,2025-07-31 23:19:11
293,294,493,Featureused,Alerts,
294,295,704,Featureused,Integrations,2025-06-16 15:59:47
295,296,657,Login,,2025-08-23 07:46:31
296,297,511,Featureused,Integrations,2025-08-08 07:06:44
297,298,362,Featureused,Alerts,2025-10-01 14:52:15
298,299,,Featureused,Integrations,2025-11-07 20:18:26
299,300,469,Featureused,Alerts,2025-07-14 22:05:13
300,301,178,Featureused,Integrations,2025-05-27 12:42:58
301,302,601,Featureused,Alerts,2025-10-07 19:58:35
302,303,181,Login,,
303,304,,Featureused,Alerts,2025-05-28 09:40:01
304,305,65,,Integrations,2025-06-06 10:17:03
305,,168,Featureused,Integrations,2025-06-01 06:37:25
306,307,346,Featureused,Integrations,
307,308,407,Featureused,Alerts,2025-06-04 15:22:23
308,309,33,,Alerts,2025-08-05 06:06:19
309,310,,Featureused,Integrations,2025-08-19 23:34:10
310,311,288,Featureused,Alerts,2025-06-28 11:08:37
311,312,41,Featureused,Integrations,2025-08-23 03:58:30
312,313,,Featureused,Integrations,2025-09-29 11:19:39
313,,122,Featureused,Integrations,2025-10-02 14:51:17
314,315,626,Featureused,Alerts,2025-08-18 15:10:19
315,316,532,,Integrations,2025-07-13 12:50:06
316,317,,Featureused,Reports,2025-06-27 00:59:02
317,318,378,Pageview,,2025-10-06 10:41:48
318,319,627,Featureused,Alerts,2025-06-11 19:28:34
319,320,9,,Alerts,2025-06-18 02:24:51
320,321,496,Featureused,Integrations,2025-10-15 21:26:24
321,322,706,,Alerts,2025-10-14 14:22:04
322,323,497,Featureused,Dashboard,2025-06-21 22:23:49
323,324,561,Featureused,Integrations,2025-08-10 09:13:46
324,325,586,Featureused,Integrations,2025-06-06 22:36:28
325,326,693,Featureused,Alerts,2025-06-21 10:33:47
326,,498,Featureused,,2025-11-02 13:45:40
327,328,12,Featureused,,2025-06-30 04:22:15
328,329,,Featureused,Alerts,2025-09-30 21:51:12
329,330,329,Featureused,Integrations,2025-05-29 15:56:13
330,331,352,Featureused,Integrations,2025-09-27 15:07:10
331,332,399,,Integrations,2025-09-10 18:08:41
332,333,332,Featureused,,2025-09-23 09:15:38
333,334,440,Featureused,Alerts,2025-10-12 07:53:09
334,335,336,Featureused,Integrations,2025-08-30 16:32:52
335,,345,Featureused,Alerts,2025-11-03 12:23:19
336,,2,Pageview,Na,2025-08-26 23:58:07
337,338,637,Featureused,Alerts,2025-06-10 00:19:29
338,339,,Featureused,Alerts,2025-06-27 10:31:26
339,340,250,Featureused,Integrations,2025-11-07 20:41:52
340,341,553,Featureused,Alerts,2025-06-01 22:33:48
341,342,63,Featureused,Alerts,2025-10-27 22:05:00
342,343,116,Featureused,Integrations,2025-08-13 10:36:25
343,344,564,,Alerts,2025-10-01 21:20:26
344,,337,Featureused,Alerts,2025-07-08 02:05:52
345,346,676,Featureused,Alerts,2025-07-04 02:42:06
346,347,300,,Integrations,2025-05-28 10:14:22
347,348,163,Featureused,Integrations,2025-08-21 14:30:27
348,349,609,Featureused,Alerts,2025-11-06 12:42:11
349,350,94,Featureused,Integrations,2025-11-04 08:46:44
350,351,161,Featureused,Alerts,2025-05-23 23:21:49
351,352,612,Featureused,Alerts,2025-06-08 06:05:09
352,353,547,Featureused,,2025-06-12 01:59:34
353,354,239,Featureused,Integrations,2025-09-10 00:15:41
354,355,71,Featureused,,
355,,71,Featureused,,2025-05-21 17:26:19
356,,228,Featureused,Alerts,2025-10-06 23:21:48
357,358,416,Featureused,Integrations,2025-05-28 14:02:11
358,359,78,Featureused,Integrations,2025-10-21 02:11:19
359,360,344,Featureused,Alerts,2025-07-29 05:56:37
360,361,28,Featureused,,2025-07-25 23:36:59
361,362,568,Featureused,Alerts,2025-05-28 15:52:12
362,363,49,Featureused,Integrations,2025-10-22 04:12:32
363,364,48,Featureused,Alerts,2025-07-15 09:04:27
364,365,,Featureused,Alerts,2025-07-10 02:27:21
365,366,,Featureused,Alerts,2025-07-10 13:14:39
366,367,580,Featureused,Integrations,2025-06-21 22:44:16
367,368,436,Featureused,Alerts,2025-06-10 21:40:34
368,369,,Featureused,Alerts,2025-08-09 05:21:02
369,370,222,Featureused,Reports,2025-06-25 22:16:31
370,371,437,Featureused,Alerts,2025-11-07 21:14:30
371,,691,Featureused,Integrations,2025-08-06 17:53:05
372,373,247,Featureused,Alerts,2025-06-10 08:54:20
373,,273,Featureused,Integrations,2025-09-03 19:10:34
374,375,25,Featureused,Alerts,2025-08-02 16:30:11
375,376,353,Featureused,Alerts,
376,377,32,Featureused,Alerts,2025-09-14 14:56:01
377,378,,Featureused,Alerts,2025-10-29 10:13:37
378,379,332,Featureused,Alerts,2025-11-11 06:22:13
379,380,322,Featureused,Alerts,2025-08-12 15:53:50
380,381,312,Featureused,Alerts,2025-10-16 21:27:52
381,382,474,Featureused,,2025-07-26 00:30:29
382,383,619,Featureused,Alerts,
383,384,248,Featureused,Alerts,2025-11-08 22:48:06
384,385,608,,Alerts,
385,386,552,Featureused,,2025-06-17 11:10:21
386,387,373,,Integrations,2025-08-31 05:53:40
387,388,294,Featureused,Alerts,
388,389,35,Featureused,Alerts,2025-06-04 23:39:43
389,390,553,Featureused,,
390,391,25,Featureused,Integrations,2025-07-10 18:10:43
391,392,442,,Alerts,2025-09-08 15:25:36
392,393,624,Featureused,Integrations,2025-06-20 19:27:34
393,394,25,Featureused,Alerts,2025-10-14 22:06:18
394,395,554,,Integrations,2025-10-08 14:55:24
395,396,70,Featureused,,2025-07-11 16:32:58
396,397,373,Featureused,Alerts,2025-05-21 13:04:24
397,398,29,Featureused,Integrations,
398,399,40,Featureused,Integrations,2025-09-11 22:22:50
399,400,,,Alerts,2025-08-19 05:39:53
400,401,,Featureused,Reports,
401,402,48,Featureused,,2025-07-06 08:17:11
402,403,278,Featureused,Alerts,
403,404,413,Featureused,Alerts,2025-08-04 08:14:06
404,405,498,Featureused,Alerts,2025-09-04 13:12:11
405,406,356,Featureused,Integrations,2025-08-16 20:08:10
406,407,233,Featureused,Alerts,2025-07-09 03:55:11
407,408,681,Featureused,Integrations,2025-06-06 00:07:55
408,409,383,Featureused,Alerts,2025-09-27 00:22:31
409,410,293,Featureused,Integrations,2025-07-19 06:13:03
410,,454,Featureused,Alerts,2025-06-20 23:07:54
411,412,143,Featureused,Integrations,2025-07-02 16:21:35
412,,273,Featureused,Reports,2025-09-12 14:22:16
413,414,443,Featureused,Alerts,2025-10-15 11:45:40
414,415,698,Featureused,,
415,416,130,Featureused,Alerts,2025-10-17 08:11:38
416,417,103,,Integrations,2025-09-21 04:53:52
417,418,116,Featureused,Integrations,2025-05-24 20:39:17
418,419,165,Featureused,Alerts,2025-07-15 02:37:54
419,420,229,Featureused,,2025-09-27 12:27:24
420,,209,,Alerts,2025-05-30 06:03:13
421,422,428,Featureused,Integrations,2025-06-24 23:11:23
422,423,568,,Integrations,2025-11-06 02:06:16
423,,434,Featureused,Alerts,2025-06-17 03:32:41
424,425,557,Featureused,Alerts,2025-06-22 22:35:06
425,426,,Featureused,Alerts,2025-07-30 02:20:34
426,427,,Featureused,Alerts,2025-11-01 20:36:15
427,428,,,Alerts,2025-06-15 11:33:11
428,429,635,Featureused,Integrations,2025-05-20 23:05:06
429,430,419,Featureused,Alerts,2025-06-09 03:33:44
430,431,210,Featureused,Integrations,2025-09-01 10:33:07
431,432,,Featureused,,2025-07-19 11:00:50
432,433,26,Featureused,Alerts,
433,434,248,Featureused,,
434,435,253,Featureused,Alerts,2025-06-23 18:04:19
435,,396,Featureused,Alerts,2025-09-27 23:01:03
436,437,189,Featureused,,
437,,,Featureused,Alerts,2025-10-27 16:29:56
438,439,140,Featureused,Integrations,2025-08-04 17:40:02
439,440,424,Featureused,Alerts,2025-09-10 00:55:29
440,441,152,,Integrations,2025-10-08 01:35:29
441,442,463,Featureused,Integrations,2025-05-22 09:34:45
442,,,Featureused,Alerts,2025-09-15 21:26:42
443,444,,Featureused,Alerts,2025-08-09 13:39:55
444,,211,Featureused,,2025-09-22 19:45:20
445,446,644,Featureused,Integrations,2025-06-23 11:38:26
446,447,275,,Reports,2025-07-29 16:24:19
447,448,121,Featureused,Alerts,2025-05-22 18:42:35
448,449,,Featureused,,2025-07-11 22:31:29
449,450,326,Featureused,Integrations,2025-07-29 01:49:00
450,451,505,Featureused,Alerts,2025-07-30 01:37:47
451,452,310,Featureused,Alerts,
452,,238,Featureused,Integrations,2025-09-30 09:43:31
453,454,373,Featureused,Integrations,2025-09-24 02:47:27
454,,280,Featureused,Alerts,2025-06-13 01:12:45
455,456,316,Featureused,Alerts,2025-07-13 00:35:23
456,457,558,Featureused,Alerts,2025-09-06 10:00:12
457,458,322,Featureused,Integrations,2025-07-24 15:15:26
458,459,90,Featureused,Alerts,2025-10-13 07:01:29
459,460,546,Featureused,Integrations,2025-09-05 01:51:50
460,461,555,,Reports,2025-07-29 05:42:35
461,462,558,Featureused,Alerts,2025-05-28 14:24:19
462,463,505,Featureused,Alerts,2025-07-19 07:04:16
463,464,479,Featureused,Integrations,2025-10-02 10:19:32
464,465,499,Featureused,Alerts,2025-10-08 08:55:42
465,466,220,,Integrations,2025-07-24 05:29:04
466,467,632,Featureused,Integrations,2025-07-09 16:14:32
467,468,126,Featureused,Alerts,2025-07-11 14:49:37
468,469,25,Featureused,,2025-08-21 22:28:49
469,470,293,Featureused,Alerts,2025-10-16 00:35:12
470,471,617,Featureused,Alerts,2025-10-11 06:34:45
471,472,687,Featureused,Integrations,
472,473,162,Featureused,Integrations,2025-09-28 16:47:55
473,474,416,,Alerts,2025-09-14 21:52:03
474,475,317,Featureused,,2025-11-02 20:42:55
475,476,448,Featureused,Integrations,2025-09-07 03:13:31
476,477,324,Featureused,Alerts,2025-06-22 16:52:11
477,478,93,Featureused,Reports,2025-07-04 03:58:19
478,,167,,Alerts,2025-08-21 08:49:40
479,480,,Featureused,Integrations,2025-06-20 01:30:13
480,481,246,Featureused,Alerts,2025-10-03 07:45:08
481,482,319,,Alerts,2025-07-19 21:52:58
482,483,187,,,2025-08-27 07:12:46
483,484,225,Featureused,Integrations,2025-06-12 11:32:25
484,,613,Featureused,,2025-08-02 06:00:35
485,486,575,Featureused,Alerts,2025-06-20 15:28:42
486,487,694,Featureused,Alerts,2025-08-24 15:40:32
487,488,287,Featureused,,2025-08-22 13:42:02
488,489,338,Featureused,Alerts,2025-10-13 19:05:53
489,490,299,Featureused,Integrations,2025-09-09 18:27:29
490,,687,Featureused,,2025-08-25 04:05:53
491,492,376,Featureused,,2025-06-29 19:11:17
492,493,180,Featureused,Alerts,
493,494,490,Featureused,Integrations,2025-07-31 14:06:00
494,495,628,Featureused,Alerts,2025-08-29 16:35:44
495,496,667,Featureused,Integrations,2025-08-27 11:49:12
496,,554,Featureused,Alerts,2025-08-02 16:31:52
497,498,527,Featureused,Alerts,2025-08-26 18:39:46
498,499,15,Featureused,,2025-05-24 06:27:34
499,500,180,Featureused,Alerts,2025-07-29 03:32:46
500,501,,,Alerts,2025-10-28 15:04:39
501,502,442,Featureused,Alerts,2025-10-29 03:32:31
502,503,625,Featureused,Alerts,2025-10-16 14:35:12
503,504,586,Featureused,Integrations,2025-09-25 06:57:29
504,,402,Featureused,Integrations,2025-08-28 01:02:58
505,506,675,Featureused,Integrations,2025-08-18 20:11:05
506,507,,Featureused,Alerts,2025-11-07 22:58:37
507,508,373,Featureused,Integrations,2025-08-14 17:52:09
508,509,666,Featureused,Alerts,2025-07-24 04:01:36
509,510,367,Featureused,Integrations,
510,511,701,Featureused,Integrations,2025-08-09 23:54:39
511,512,422,Featureused,Alerts,2025-07-13 10:42:53
512,513,207,Featureused,Alerts,2025-09-24 21:26:13
513,514,237,Featureused,Alerts,2025-07-30 14:56:33
514,515,304,Featureused,Integrations,2025-07-11 07:35:54
515,516,293,Featureused,Integrations,2025-07-04 18:45:41
516,517,281,Featureused,Integrations,2025-09-26 04:27:05
517,518,396,Featureused,Integrations,2025-11-02 14:06:11
518,,625,Featureused,Integrations,
519,520,81,Featureused,Alerts,2025-07-11 16:27:23
520,521,,Featureused,Alerts,2025-09-16 14:57:31
521,522,525,Featureused,Integrations,2025-09-07 13:24:20
522,523,561,Featureused,,2025-06-10 23:52:17
523,524,280,Featureused,Alerts,2025-08-08 08:32:20
524,525,328,Featureused,Alerts,
525,526,148,Featureused,Alerts,2025-07-24 12:48:02
526,527,102,Featureused,,2025-10-26 02:39:11
527,528,184,Featureused,Alerts,2025-08-29 01:58:55
528,529,334,Featureused,Integrations,2025-06-28 07:31:05
529,530,,Featureused,Alerts,2025-09-19 14:09:51
530,,164,Featureused,,2025-07-16 07:14:31
531,532,662,Featureused,Alerts,2025-09-24 22:40:13
532,,514,Featureused,Alerts,2025-10-20 16:06:38
533,,548,Featureused,Alerts,2025-08-02 02:10:34
534,535,476,,Alerts,2025-07-06 21:04:41
535,536,57,Featureused,Alerts,2025-09-03 20:56:23
536,537,682,Featureused,Integrations,2025-08-25 01:14:26
537,538,674,Featureused,Alerts,2025-09-20 04:09:01
538,539,91,Featureused,Alerts,2025-07-28 18:23:48
539,540,549,Featureused,Integrations,2025-09-27 02:37:33
540,541,612,,Alerts,2025-06-30 10:22:09
541,542,500,Featureused,Reports,2025-09-26 06:40:55
542,543,607,Featureused,Integrations,2025-10-07 18:34:05
543,544,137,,Alerts,2025-10-28 01:00:14
544,545,695,,Alerts,2025-08-16 20:47:41
545,546,,Featureused,Alerts,2025-07-09 05:33:42
546,547,238,Featureused,Alerts,2025-05-24 10:22:18
547,,345,Featureused,Integrations,2025-09-25 03:40:36
548,549,597,Featureused,Alerts,2025-08-07 09:02:09
549,550,,Featureused,,2025-06-21 03:46:30
550,551,41,Featureused,Alerts,2025-06-08 13:52:11
551,552,460,Featureused,Alerts,2025-09-03 01:58:12
552,553,114,Featureused,Integrations,2025-06-29 02:47:42
553,554,606,Featureused,Alerts,2025-08-19 17:38:29
554,555,421,Featureused,Alerts,2025-10-22 15:55:55
555,556,400,Featureused,Integrations,2025-07-18 11:04:20
556,557,55,Featureused,Alerts,2025-10-01 08:41:42
557,558,358,Featureused,Alerts,2025-09-17 07:03:42
558,559,567,Featureused,Integrations,2025-08-16 06:33:59
559,560,520,Featureused,Alerts,2025-08-30 00:10:17
560,561,393,Featureused,Alerts,2025-09-07 09:34:49
561,562,93,Featureused,Integrations,
562,,10,Featureused,,2025-11-08 16:08:06
563,564,531,Featureused,Integrations,2025-09-22 15:30:19
564,565,166,Featureused,Alerts,2025-06-15 04:52:27
565,,677,Featureused,Alerts,2025-06-13 04:37:49
566,567,453,Featureused,Integrations,2025-09-07 12:02:08
567,568,102,Featureused,Alerts,2025-08-22 09:23:39
568,569,246,Featureused,Integrations,2025-07-06 09:46:23
569,570,218,Featureused,,2025-11-11 00:54:40
570,571,529,Featureused,Alerts,2025-08-19 22:01:58
571,572,189,Featureused,Integrations,2025-08-10 11:27:38
572,573,,Featureused,Alerts,2025-08-13 11:37:58
573,574,351,Featureused,Alerts,
574,575,295,Featureused,Alerts,2025-06-30 23:32:41
575,576,396,Featureused,Integrations,2025-09-03 09:30:43
576,577,284,Featureused,Alerts,2025-07-20 01:36:45
577,578,569,Featureused,Alerts,
578,579,286,Featureused,Integrations,2025-06-22 18:16:26
579,580,591,Featureused,Alerts,
580,,254,Featureused,Alerts,2025-10-25 22:13:01
581,582,440,Featureused,Integrations,2025-07-06 21:19:32
582,,,Featureused,Integrations,2025-06-09 12:29:16
583,584,65,Featureused,Alerts,2025-09-22 16:30:52
584,585,210,Featureused,Alerts,2025-06-16 22:15:16
585,586,64,Featureused,Alerts,2025-06-11 00:15:41
586,587,138,Featureused,Integrations,2025-07-18 05:17:11
587,588,537,Featureused,,2025-07-09 12:14:18
588,589,117,Featureused,Alerts,2025-05-20 22:37:21
589,590,442,Featureused,Integrations,2025-10-06 13:45:13
590,591,112,Featureused,Integrations,2025-05-31 00:39:43
591,592,319,Featureused,Alerts,
592,593,524,Featureused,Alerts,2025-07-08 09:28:01
593,594,,,Integrations,2025-08-04 13:02:54
594,595,557,Featureused,Alerts,2025-06-22 02:46:43
595,,577,,Alerts,2025-07-24 02:51:28
596,,97,Featureused,Alerts,2025-06-24 06:33:21
597,598,180,Featureused,Integrations,2025-09-29 02:38:03
598,599,164,Featureused,Alerts,2025-06-12 14:48:39
599,600,234,Featureused,Reports,2025-06-08 08:44:27
600,,267,Featureused,Alerts,2025-10-22 07:44:01
601,602,330,Featureused,Alerts,2025-06-20 12:48:50
602,603,670,Featureused,Integrations,2025-07-30 19:09:46
603,604,699,Featureused,Integrations,2025-07-13 07:31:23
604,605,598,Featureused,Alerts,2025-07-02 16:58:02
605,606,422,Featureused,Alerts,
606,607,67,Featureused,Alerts,2025-08-29 04:34:37
607,608,143,Featureused,,2025-09-09 17:15:49
608,609,375,Featureused,Alerts,2025-07-01 05:53:56
609,610,,Featureused,Alerts,2025-06-17 16:36:59
610,611,698,Featureused,Alerts,2025-06-19 11:22:04
611,,107,Featureused,Alerts,2025-10-20 15:03:32
612,613,423,Featureused,Integrations,2025-10-19 20:25:38
613,614,5,Featureused,Integrations,2025-06-23 00:39:26
614,615,77,Featureused,Integrations,2025-05-24 05:02:19
615,,310,Featureused,Integrations,2025-09-07 10:44:23
616,617,447,Featureused,Alerts,2025-05-22 10:03:36
617,618,689,Featureused,Alerts,2025-08-21 12:48:06
618,619,263,Featureused,Integrations,2025-07-30 11:39:21
619,620,69,Featureused,Integrations,2025-07-25 14:23:04
620,621,693,Featureused,Integrations,
621,622,693,Featureused,Alerts,2025-07-06 11:30:56
622,623,643,,Integrations,
623,624,344,Featureused,Alerts,2025-10-20 09:10:12
624,625,591,Featureused,,2025-07-31 04:34:10
625,626,25,Featureused,Integrations,2025-07-01 19:36:27
626,627,216,Featureused,Alerts,2025-06-23 11:35:54
627,628,,Featureused,Alerts,2025-08-15 16:14:10
628,629,542,Featureused,Alerts,2025-08-20 12:10:19
629,630,356,Featureused,Integrations,2025-07-21 20:40:29
630,631,173,Featureused,Alerts,2025-07-13 16:13:46
631,632,510,Featureused,,2025-07-12 18:10:53
632,633,608,Featureused,Alerts,2025-09-13 23:19:47
633,634,138,Featureused,Integrations,2025-09-27 12:33:01
634,635,182,Featureused,Integrations,2025-10-14 18:03:31
635,636,201,,Alerts,2025-07-18 23:46:37
636,637,152,Featureused,Integrations,2025-09-02 11:34:23
637,,221,Featureused,Alerts,2025-09-25 23:52:38
638,639,601,Featureused,Alerts,
639,640,56,Featureused,Alerts,2025-08-27 17:35:47
640,,591,Featureused,Integrations,2025-09-08 21:40:05
641,642,454,Featureused,Integrations,
642,,81,Featureused,Integrations,2025-06-13 11:04:37
643,644,101,Featureused,Alerts,2025-11-06 13:37:00
644,,89,Featureused,,2025-07-11 10:34:20
645,646,489,Featureused,Dashboard,
646,647,603,Featureused,Alerts,2025-05-30 08:39:35
647,648,604,,,2025-10-30 23:25:20
648,649,219,Featureused,Alerts,2025-06-28 18:21:57
649,650,707,Featureused,Integrations,2025-06-03 02:35:06
650,651,616,Featureused,Alerts,2025-09-21 01:13:10
651,652,421,Featureused,,2025-09-05 14:12:05
652,653,79,Featureused,Integrations,2025-05-29 18:05:14
653,654,93,Featureused,Alerts,2025-10-02 01:42:27
654,655,62,Featureused,Alerts,2025-09-25 22:13:41
655,656,512,Featureused,Integrations,2025-09-06 17:33:06
656,657,532,Featureused,Alerts,2025-09-11 08:48:23
657,658,157,Featureused,Alerts,2025-08-11 17:55:18
658,659,598,Featureused,Alerts,2025-07-26 00:41:51
659,660,673,Featureused,Integrations,2025-08-29 08:36:23
660,661,105,Featureused,Integrations,
661,662,321,Featureused,Alerts,
662,663,308,,Integrations,2025-07-25 02:18:17
663,664,620,Featureused,Integrations,2025-08-14 11:13:15
664,665,215,Featureused,Integrations,2025-09-01 12:33:29
665,666,552,Featureused,Integrations,2025-09-12 01:19:21
666,,276,Featureused,Alerts,2025-07-22 23:32:03
667,668,652,Featureused,Alerts,2025-06-23 17:55:18
668,669,,Featureused,Alerts,2025-08-20 02:44:26
669,670,142,Featureused,Alerts,2025-06-30 09:58:31
670,671,572,Featureused,Alerts,2025-05-23 03:07:10
671,672,660,Featureused,Integrations,2025-08-13 04:01:52
672,673,16,Featureused,Alerts,2025-07-29 13:26:57
673,674,366,Featureused,,2025-07-06 04:25:04
674,675,386,Featureused,Alerts,2025-06-08 23:37:45
675,676,596,Featureused,Alerts,2025-07-22 09:04:36
676,677,473,Featureused,Alerts,2025-06-13 06:10:24
677,678,335,Featureused,,2025-05-21 01:37:34
678,679,268,,Alerts,2025-07-31 06:56:19
679,680,382,Featureused,Integrations,2025-08-23 09:56:22
680,681,,Featureused,,2025-10-31 00:50:32
681,682,,Featureused,Alerts,2025-08-30 02:37:49
682,683,,Featureused,Alerts,2025-09-20 09:59:39
683,684,184,Featureused,,
684,685,473,Featureused,Integrations,2025-07-17 07:59:42
685,686,456,Featureused,Alerts,2025-07-10 19:07:59
686,687,,Featureused,Integrations,2025-10-09 03:29:51
687,688,,Featureused,Integrations,2025-06-27 10:23:23
688,689,474,Featureused,Alerts,2025-10-05 20:12:35
689,690,82,Featureused,Integrations,2025-07-12 02:38:28
690,691,75,Featureused,Alerts,2025-05-20 23:51:43
691,692,511,Featureused,Alerts,2025-07-26 01:43:12
692,693,384,Featureused,Integrations,
693,694,340,Featureused,Alerts,
694,695,456,Featureused,Integrations,2025-10-19 15:43:37
695,696,370,Featureused,Alerts,2025-10-27 20:32:48
696,697,427,Featureused,Integrations,2025-06-14 17:13:18
697,,686,Featureused,Integrations,2025-06-06 07:08:01
698,699,508,Featureused,Integrations,
699,700,673,Featureused,Alerts,2025-10-03 20:02:52
700,701,225,Featureused,Integrations,2025-08-11 06:27:20
701,702,,Featureused,Integrations,
702,703,193,Featureused,Alerts,2025-09-12 02:43:19
703,704,496,,Alerts,2025-08-13 18:36:10
704,705,320,Featureused,Integrations,2025-09-21 16:24:10
705,706,483,Featureused,Alerts,2025-08-10 05:46:15
706,707,398,Featureused,,2025-06-19 23:46:37
707,708,636,Featureused,Integrations,2025-08-09 11:21:39
708,709,642,Featureused,Alerts,2025-10-21 20:32:40
709,710,207,Featureused,Alerts,2025-11-10 18:43:42
710,711,400,Featureused,Integrations,2025-08-19 08:43:58
711,712,333,Featureused,Alerts,2025-06-19 21:43:16
712,713,11,Featureused,Alerts,2025-07-26 03:23:50
713,714,547,Featureused,Alerts,2025-06-11 13:35:43
714,,293,,Alerts,2025-09-17 06:11:28
715,716,325,Featureused,Integrations,2025-11-01 23:53:59
716,717,283,,Alerts,2025-05-30 11:52:09
717,,,Featureused,,2025-08-01 12:10:38
718,719,,Featureused,,2025-09-25 19:17:39
719,720,368,Featureused,Integrations,2025-09-26 02:09:41
720,721,,Featureused,Integrations,
721,722,554,Featureused,Alerts,2025-07-04 08:36:59
722,723,216,Featureused,Alerts,2025-08-25 02:40:12
723,724,189,Featureused,Integrations,2025-08-04 07:46:39
724,725,368,Featureused,Alerts,2025-09-08 12:20:19
725,726,120,Featureused,Alerts,2025-09-20 14:38:11
726,727,661,Featureused,Alerts,2025-10-12 15:34:23
727,728,347,Featureused,Integrations,2025-08-04 05:51:38
728,,135,Featureused,Integrations,
729,730,,Featureused,Integrations,
730,731,667,,Alerts,2025-07-19 21:42:04
731,732,383,,Integrations,2025-09-11 11:35:09
732,733,613,,Alerts,2025-06-14 16:41:39
733,734,235,,Alerts,2025-10-11 23:40:32
734,735,199,Featureused,,2025-08-09 15:47:15
735,736,528,Featureused,,2025-10-02 16:41:20
736,737,2,Featureused,Integrations,2025-07-09 19:30:00
737,738,455,Featureused,Integrations,2025-06-29 16:04:24
738,,695,Featureused,Alerts,
739,740,323,Featureused,Alerts,2025-06-10 06:58:41
740,741,296,Featureused,Alerts,2025-10-08 12:24:12
741,742,163,Featureused,Alerts,2025-06-12 01:05:43
742,743,517,Featureused,Integrations,2025-08-18 15:19:35
743,744,487,Featureused,Alerts,2025-09-24 08:38:45
744,745,255,,Alerts,
745,,354,Featureused,Alerts,
746,,79,Featureused,Integrations,
747,748,393,Featureused,Alerts,
748,749,607,Featureused,,2025-09-26 16:39:37
749,750,507,Featureused,Alerts,2025-08-07 23:06:48
750,751,311,Featureused,Alerts,2025-05-26 13:45:40
751,,396,Featureused,Alerts,2025-09-02 05:45:58
752,753,238,Featureused,Alerts,2025-06-02 21:38:19
753,754,3,Featureused,Integrations,
754,755,55,Featureused,,2025-10-19 07:19:12
755,756,291,Featureused,Alerts,2025-09-08 10:32:34
756,757,,Featureused,Alerts,2025-07-13 04:28:49
757,758,370,Featureused,Integrations,2025-10-05 11:08:25
758,759,302,Featureused,Integrations,
759,760,233,Featureused,Integrations,2025-06-20 09:42:58
760,,72,,,2025-06-26 05:38:35
761,762,151,Featureused,Alerts,2025-05-24 11:11:29
762,763,36,Featureused,Alerts,2025-07-04 19:53:32
763,764,254,Featureused,Alerts,2025-08-24 07:58:24
764,765,42,Featureused,Alerts,2025-08-25 19:22:09
765,766,353,Featureused,Alerts,2025-11-09 17:16:07
766,767,,,Integrations,2025-07-10 10:50:27
767,768,685,Featureused,Integrations,2025-06-29 06:38:11
768,769,421,Featureused,Alerts,2025-11-01 13:00:08
769,770,391,Featureused,Integrations,2025-09-24 23:19:53
770,,526,Featureused,Alerts,2025-09-25 20:49:53
771,772,,Featureused,Integrations,2025-07-02 09:07:23
772,,209,Featureused,Alerts,2025-05-30 23:03:00
773,774,425,Featureused,Integrations,2025-07-08 21:46:30
774,775,298,Featureused,Integrations,2025-06-14 12:05:21
775,776,,Featureused,Alerts,2025-08-02 10:37:58
776,777,79,Featureused,Alerts,2025-08-02 01:07:30
777,778,160,Featureused,Alerts,
778,779,,Featureused,Integrations,2025-08-04 02:45:16
779,780,,Featureused,Integrations,2025-06-15 19:25:02
780,781,568,Featureused,Integrations,2025-10-05 20:15:56
781,782,149,Featureused,Alerts,2025-06-22 01:52:21
782,,300,Featureused,Alerts,2025-06-28 15:29:45
783,,,Featureused,Alerts,2025-05-24 22:00:02
784,785,605,Featureused,Integrations,2025-07-11 16:26:43
785,,432,Featureused,Alerts,2025-09-21 06:09:20
786,787,691,Featureused,Integrations,2025-06-17 05:48:22
787,788,211,Featureused,Alerts,2025-09-08 10:51:07
788,,488,Featureused,Alerts,
789,790,36,Featureused,Integrations,2025-10-07 18:57:32
790,791,506,Featureused,Alerts,2025-07-28 20:22:24
791,792,19,Featureused,Alerts,2025-07-29 21:43:53
792,793,17,Featureused,Integrations,2025-07-21 03:17:21
793,794,216,,Integrations,2025-07-22 01:37:03
794,795,158,Featureused,Alerts,
795,796,287,Featureused,Alerts,2025-08-13 19:06:35
796,797,208,Featureused,Integrations,2025-06-16 23:13:16
797,798,277,Featureused,Alerts,2025-06-07 16:11:44
798,799,693,Featureused,Alerts,2025-06-15 02:21:03
799,,68,Featureused,Alerts,2025-07-12 15:35:29
800,801,505,Featureused,Alerts,2025-08-22 18:23:48
801,802,561,Featureused,Alerts,2025-09-05 08:50:53
802,803,183,Featureused,,2025-07-17 08:37:32
803,804,167,Featureused,Integrations,2025-08-05 21:05:28
804,805,574,Featureused,Alerts,2025-09-02 11:32:41
805,806,,Featureused,Integrations,
806,807,134,Featureused,Alerts,2025-10-19 00:09:09
807,808,307,Featureused,Integrations,2025-06-14 12:35:39
808,,514,Featureused,Alerts,2025-06-08 01:13:13
809,810,,Featureused,Alerts,2025-06-29 22:51:39
810,811,135,Featureused,Integrations,
811,812,12,Featureused,Integrations,2025-09-13 22:07:00
812,813,556,Featureused,Alerts,2025-10-20 16:35:46
813,814,368,Featureused,Integrations,
814,815,16,Featureused,Alerts,2025-07-03 01:51:03
815,816,540,,Integrations,2025-09-21 13:57:49
816,817,117,,Integrations,2025-10-09 22:13:32
817,818,57,,Alerts,2025-06-24 04:33:29
818,819,,Featureused,Integrations,2025-11-11 06:02:51
819,820,598,Featureused,Alerts,2025-08-22 20:39:48
820,821,39,Featureused,Integrations,2025-10-01 11:02:45
821,822,48,Featureused,Integrations,2025-07-29 01:40:00
822,823,238,Featureused,Integrations,2025-05-20 20:05:40
823,824,450,Featureused,Integrations,
824,825,105,Featureused,Alerts,2025-08-31 11:23:37
825,826,89,Featureused,Alerts,2025-09-25 09:46:22
826,827,311,Featureused,,2025-06-05 05:18:02
827,828,608,Featureused,Alerts,2025-10-07 23:49:37
828,829,227,Featureused,Integrations,2025-10-16 01:41:10
829,830,78,Featureused,,2025-11-09 18:40:45
830,831,251,Featureused,Alerts,2025-06-22 22:41:03
831,832,660,Featureused,Integrations,2025-09-24 01:15:40
832,833,531,Featureused,,2025-09-21 15:50:11
833,834,164,Featureused,Alerts,2025-06-13 00:21:44
834,835,393,Featureused,Integrations,2025-07-20 14:23:26
835,836,389,,,2025-09-09 07:03:40
836,837,377,,,2025-05-21 19:33:45
837,838,,Featureused,Alerts,2025-07-09 16:32:49
838,839,355,Featureused,Integrations,2025-08-15 12:23:49
839,,231,Featureused,Integrations,2025-07-06 06:37:37
840,841,627,Featureused,Alerts,2025-10-07 12:22:48
841,842,,Featureused,Integrations,
842,843,184,Featureused,Alerts,2025-07-06 07:06:03
843,844,540,Featureused,Alerts,2025-09-12 17:39:39
844,845,547,Featureused,Integrations,
845,846,262,Featureused,Alerts,2025-08-25 06:15:01
846,847,109,Featureused,,2025-10-14 07:54:03
847,848,260,Featureused,Alerts,2025-07-11 18:27:13
848,849,,,Integrations,2025-08-22 20:07:50
849,850,598,Featureused,Alerts,2025-09-26 17:09:52
850,851,,Featureused,Integrations,2025-06-29 04:18:57
851,852,248,,Integrations,2025-08-03 06:48:04
852,853,354,Featureused,Alerts,2025-06-20 23:53:09
853,854,136,,,2025-07-15 11:16:02
854,855,65,Featureused,Alerts,2025-07-23 06:34:28
855,856,223,Featureused,Integrations,2025-08-28 11:06:59
856,857,58,Featureused,Alerts,2025-08-14 12:47:06
857,858,349,Featureused,Alerts,
858,859,40,Featureused,Alerts,2025-06-04 19:15:01
859,860,71,Featureused,Alerts,2025-07-22 20:09:24
860,,74,Featureused,Alerts,2025-08-30 02:46:56
861,,79,Featureused,Alerts,2025-06-24 08:06:23
862,863,350,Featureused,Integrations,2025-07-27 20:30:12
863,864,27,Featureused,,2025-09-20 21:38:53
864,865,9,Featureused,Alerts,2025-08-14 03:17:40
865,866,71,Featureused,Integrations,
866,867,708,,Alerts,2025-08-16 03:27:09
867,868,166,Featureused,Integrations,2025-10-16 10:49:50
868,869,338,,Alerts,2025-08-19 09:04:34
869,870,393,Featureused,Alerts,2025-09-10 03:06:08
870,871,365,Featureused,Integrations,2025-08-06 04:44:10
871,872,283,Featureused,Integrations,2025-09-30 16:09:38
872,873,456,Featureused,Alerts,
873,874,254,Featureused,,2025-07-16 09:03:40
874,875,,Featureused,,2025-06-02 09:20:49
875,876,691,Featureused,Alerts,2025-06-21 19:38:36
876,877,138,Featureused,Alerts,2025-09-06 20:01:36
877,878,,Featureused,Integrations,2025-11-13 09:34:16
878,879,306,Featureused,,
879,,111,,Integrations,2025-07-13 09:33:20
880,881,140,Featureused,Integrations,2025-06-01 18:31:05
881,882,538,Featureused,Alerts,2025-06-03 03:45:49
882,883,264,Featureused,Alerts,2025-05-21 00:58:42
883,884,243,Featureused,,2025-09-26 22:50:49
884,,406,Featureused,Integrations,2025-08-31 09:43:02
885,886,589,Featureused,Integrations,2025-09-25 18:48:51
886,887,87,Featureused,,2025-07-19 00:19:24
887,888,,Featureused,Integrations,2025-06-01 06:14:42
888,889,57,,Alerts,2025-09-21 13:10:44
889,890,321,Featureused,Alerts,2025-08-18 23:54:58
890,891,414,Featureused,Integrations,2025-09-16 05:35:24
891,892,,Featureused,Alerts,2025-07-23 06:17:08
892,893,406,Featureused,Alerts,2025-08-21 13:47:46
893,894,314,Featureused,Alerts,2025-06-08 12:38:38
894,895,282,Featureused,Alerts,2025-06-22 00:59:54
895,896,435,Featureused,Integrations,2025-09-28 12:20:42
896,897,271,Featureused,Alerts,2025-06-25 22:09:42
897,898,686,Featureused,Alerts,2025-06-02 02:19:42
898,899,364,,,2025-08-02 05:58:36
899,900,329,,Integrations,2025-06-10 11:50:13
900,901,409,Featureused,Alerts,
901,902,524,Featureused,Integrations,2025-08-18 01:14:20
902,903,597,Featureused,Alerts,2025-09-25 01:31:43
903,904,541,Featureused,,2025-09-13 01:08:34
904,905,,Featureused,Integrations,2025-07-05 18:09:22
905,906,426,Featureused,Integrations,2025-06-15 03:32:42
906,,409,Featureused,Alerts,
907,908,15,Featureused,Integrations,2025-08-23 01:31:58
908,909,53,Featureused,,2025-09-02 11:25:37
909,910,677,Featureused,Alerts,2025-10-01 10:51:31
910,911,587,Featureused,Integrations,2025-07-04 18:55:45
911,,438,Featureused,Alerts,2025-07-24 12:02:10
912,913,14,Featureused,Alerts,2025-06-28 13:38:58
913,914,411,Featureused,Alerts,
914,915,657,Featureused,Integrations,2025-08-27 21:26:48
915,916,243,Featureused,Integrations,
916,917,494,Featureused,,2025-07-26 01:37:13
917,918,563,Featureused,Alerts,2025-09-09 13:43:37
918,919,530,Featureused,Alerts,2025-05-30 00:51:21
919,920,200,Featureused,,2025-09-14 23:36:45
920,921,627,Featureused,Alerts,2025-09-26 13:41:50
921,922,,Featureused,Integrations,2025-06-13 22:48:57
922,923,533,Featureused,Integrations,2025-06-30 03:42:38
923,924,257,Featureused,,2025-06-30 11:35:48
924,925,124,Featureused,Integrations,2025-07-31 03:11:17
925,926,633,Featureused,Integrations,2025-07-23 15:38:07
926,927,184,Featureused,,2025-06-18 21:22:54
927,928,277,Featureused,Integrations,2025-06-17 08:43:26
928,929,222,,Alerts,2025-06-17 22:43:56
929,930,365,Featureused,Integrations,2025-08-06 13:04:43
930,931,,Featureused,Alerts,2025-07-13 01:42:02
931,932,626,Featureused,Alerts,2025-07-12 19:31:00
932,933,160,,,2025-10-13 00:19:14
933,934,9,Featureused,Alerts,2025-06-08 22:06:39
934,935,109,Featureused,Integrations,
935,936,144,Featureused,Alerts,2025-08-25 17:42:04
936,937,613,Featureused,Integrations,2025-07-29 15:43:23
937,938,117,Featureused,,2025-08-14 06:17:37
938,939,596,Featureused,Alerts,2025-09-10 22:23:36
939,940,440,Featureused,Integrations,2025-07-06 10:24:32
940,941,673,Featureused,,2025-07-03 04:40:10
941,942,8,Featureused,Alerts,2025-10-19 17:15:41
942,943,484,Featureused,Integrations,2025-06-14 15:07:20
943,944,555,Featureused,Integrations,2025-06-24 18:50:25
944,945,277,Featureused,Integrations,2025-06-11 11:21:10
945,,,Featureused,Integrations,2025-09-03 07:01:42
946,947,584,Featureused,Alerts,2025-10-04 15:34:58
947,,594,Featureused,Alerts,2025-06-15 04:01:43
948,949,269,Featureused,Integrations,
949,950,122,Featureused,Alerts,2025-09-02 02:10:08
950,951,,,Alerts,2025-07-08 19:10:15
951,952,494,Featureused,Alerts,2025-05-28 14:42:41
952,953,529,Featureused,Integrations,2025-06-08 23:27:36
953,954,183,Featureused,Alerts,
954,,,Featureused,Integrations,2025-07-10 05:09:18
955,956,656,,Integrations,2025-07-10 06:12:59
956,957,246,Featureused,Integrations,2025-06-30 22:18:10
957,958,340,,,2025-09-05 19:30:02
958,959,,Featureused,Alerts,2025-06-24 09:35:14
959,960,,Featureused,Integrations,2025-06-15 12:40:37
960,961,184,Featureused,Integrations,2025-08-29 01:29:17
961,962,431,Featureused,Integrations,2025-08-22 10:44:25
962,963,694,Featureused,Integrations,2025-09-08 07:52:59
963,964,177,,Alerts,
964,965,663,Featureused,Alerts,2025-08-31 15:35:41
965,966,431,Featureused,,2025-07-02 18:46:25
966,,57,Featureused,Alerts,2025-08-17 07:41:05
967,968,98,Featureused,Integrations,2025-06-30 01:22:43
968,969,175,Featureused,Integrations,2025-07-18 03:44:27
969,970,590,Featureused,Alerts,2025-06-04 13:39:40
970,971,593,Featureused,Alerts,2025-07-14 06:06:44
971,972,,Featureused,Alerts,2025-07-07 00:29:42
972,973,363,Featureused,,2025-06-08 16:21:16
973,974,671,Featureused,Alerts,2025-06-21 19:26:47
974,975,,Featureused,Integrations,
975,976,,Featureused,,2025-10-30 15:02:58
976,977,49,,,2025-05-23 01:24:53
977,978,568,Featureused,Integrations,2025-07-08 00:50:19
978,979,29,,Alerts,2025-09-28 12:20:40
979,980,560,Featureused,Alerts,2025-08-18 20:59:50
980,981,635,Featureused,Integrations,2025-07-18 04:00:30
981,982,200,,Alerts,2025-06-12 01:43:07
982,983,557,Featureused,Alerts,2025-09-02 06:02:11
983,,265,Featureused,Integrations,
984,985,579,Featureused,Alerts,2025-08-06 14:12:24
985,986,279,,Alerts,2025-06-23 05:34:15
986,987,660,Featureused,Integrations,2025-08-21 14:28:44
987,988,594,Featureused,Alerts,2025-09-12 19:18:51
988,989,324,Featureused,Alerts,2025-09-09 09:37:46
989,990,490,,Integrations,2025-10-23 23:16:52
990,991,291,Featureused,Integrations,2025-05-23 03:21:04
991,992,387,Featureused,Alerts,2025-06-02 11:28:59
992,993,698,Featureused,Alerts,2025-07-14 03:59:46
993,994,,Featureused,Integrations,2025-08-05 12:29:09
994,995,328,Featureused,Alerts,2025-09-22 12:58:17
995,996,454,Featureused,Alerts,2025-06-21 02:26:04
996,997,230,Featureused,Alerts,2025-06-15 03:30:48
997,,171,Featureused,Integrations,2025-06-12 04:09:50
998,999,519,,,
999,1000,600,Featureused,Alerts,2025-06-22 16:00:46
1000,1001,580,Featureused,Integrations,2025-07-18 09:37:03
1001,1002,692,Featureused,Alerts,
1002,1003,437,Featureused,Alerts,2025-07-10 23:35:19
1003,1004,470,Featureused,Integrations,2025-07-29 02:49:53
1004,1005,273,Featureused,Alerts,2025-08-04 15:55:15
1005,1006,416,Featureused,Alerts,2025-06-27 07:09:04
1006,1007,131,Featureused,Alerts,2025-05-28 09:39:24
1007,1008,434,Featureused,Integrations,2025-09-26 03:31:26
1008,1009,,Featureused,Integrations,2025-07-26 11:52:37
1009,1010,265,Featureused,Integrations,2025-07-10 13:44:03
1010,1011,178,Featureused,Integrations,2025-06-25 03:32:34
1011,1012,,,Alerts,2025-09-29 15:21:01
1012,1013,678,Featureused,Alerts,2025-08-13 11:17:36
1013,1014,460,Featureused,Alerts,2025-05-28 14:14:00
1014,1015,186,Featureused,Alerts,2025-08-09 05:52:43
1015,1016,511,Featureused,Integrations,2025-07-27 07:09:18
1016,1017,548,Featureused,Alerts,2025-10-01 12:17:42
1017,1018,,Featureused,Alerts,2025-06-12 23:05:05
1018,1019,540,Featureused,Integrations,2025-08-27 11:02:57
1019,1020,363,Featureused,Alerts,2025-07-09 15:07:00
1020,1021,674,Featureused,Alerts,2025-09-02 11:22:01
1021,1022,698,Featureused,,2025-06-23 20:03:23
1022,1023,538,Featureused,Integrations,2025-09-10 16:05:37
1023,,387,,Alerts,2025-07-01 01:55:01
1024,,318,Featureused,Alerts,2025-06-06 06:45:03
1025,1026,482,Featureused,Integrations,2025-09-19 08:22:07
1026,1027,435,Featureused,Integrations,2025-10-04 19:13:52
1027,1028,490,Featureused,Integrations,2025-06-20 03:07:17
1028,1029,172,Featureused,Alerts,
1029,1030,690,Featureused,Integrations,2025-06-15 17:22:16
1030,1031,662,Featureused,Integrations,2025-07-27 13:02:29
1031,1032,442,Featureused,Alerts,2025-06-19 01:33:16
1032,1033,135,,Alerts,2025-06-04 05:56:06
1033,,617,Featureused,Integrations,2025-10-01 09:50:51
1034,1035,443,Featureused,Integrations,2025-07-06 09:53:29
1035,1036,234,Featureused,Alerts,2025-06-07 06:44:51
1036,1037,155,Featureused,Alerts,2025-10-21 18:21:54
1037,1038,581,Featureused,,2025-07-23 11:10:06
1038,1039,290,Featureused,Integrations,2025-09-24 19:26:01
1039,1040,578,Featureused,Integrations,2025-06-10 13:59:43
1040,1041,222,Featureused,,2025-07-14 03:21:02
1041,1042,680,Featureused,Integrations,2025-07-28 12:24:23
1042,1043,642,Featureused,Alerts,2025-08-11 11:27:23
1043,1044,283,Featureused,Alerts,2025-06-09 01:23:45
1044,,687,Featureused,Integrations,2025-07-16 17:07:39
1045,1046,101,Featureused,Alerts,2025-06-16 03:35:07
1046,1047,,Featureused,Integrations,2025-09-03 16:26:48
1047,1048,254,Featureused,Alerts,2025-08-11 09:47:52
1048,,,Featureused,,2025-10-05 11:03:22
1049,1050,,,Integrations,2025-05-31 12:52:28
1050,1051,114,Featureused,Alerts,2025-06-21 21:57:01
1051,1052,505,Featureused,Integrations,
1052,1053,541,Featureused,Alerts,2025-08-30 06:46:56
1053,1054,418,Featureused,Integrations,2025-08-08 11:43:50
1054,1055,,Featureused,Alerts,2025-06-10 16:34:08
1055,1056,308,,Alerts,2025-09-12 16:23:56
1056,1057,494,Featureused,Alerts,2025-08-07 08:50:33
1057,1058,212,Featureused,Integrations,2025-06-28 10:19:48
1058,,612,Featureused,Integrations,2025-09-14 20:26:35
1059,1060,,Featureused,,2025-10-15 07:14:27
1060,1061,185,Featureused,,2025-06-27 08:00:40
1061,,,Featureused,Integrations,2025-09-08 21:32:28
1062,1063,19,Featureused,Alerts,2025-06-23 23:27:48
1063,1064,658,Featureused,Alerts,2025-06-15 05:15:28
1064,1065,292,Featureused,,2025-06-28 02:57:20
1065,1066,,Featureused,Integrations,2025-06-22 01:35:55
1066,1067,332,Featureused,,2025-11-06 07:43:58
1067,1068,695,Featureused,Alerts,2025-08-29 23:47:35
1068,1069,204,Featureused,Integrations,2025-06-01 13:10:27
1069,1070,232,Featureused,Alerts,
1070,1071,490,,Alerts,
1071,1072,,Featureused,Alerts,2025-08-21 14:35:08
1072,1073,688,Featureused,Integrations,2025-07-10 02:18:32
1073,1074,,Featureused,Alerts,2025-06-09 07:59:26
1074,1075,675,Featureused,Integrations,2025-08-16 04:40:44
1075,1076,,Featureused,,2025-09-16 21:22:08
1076,1077,,Featureused,Integrations,2025-05-31 02:03:06
1077,1078,696,Featureused,Alerts,2025-07-11 00:28:13
1078,1079,,Featureused,Alerts,2025-06-04 13:35:30
1079,1080,480,Featureused,Alerts,2025-06-11 03:16:32
1080,,42,Featureused,Integrations,2025-07-22 22:47:49
1081,1082,52,Featureused,Alerts,2025-08-13 15:50:49
1082,1083,439,Featureused,Integrations,2025-07-17 12:06:56
1083,1084,279,Featureused,Alerts,2025-05-28 18:52:10
1084,1085,516,Featureused,Integrations,2025-06-23 06:15:43
1085,1086,656,Featureused,Integrations,2025-07-11 17:27:12
1086,1087,250,Featureused,Integrations,2025-10-03 08:59:56
1087,1088,412,Featureused,Integrations,2025-06-26 03:26:56
1088,1089,393,Featureused,Integrations,2025-06-26 12:09:46
1089,1090,600,Featureused,Alerts,2025-06-28 10:49:16
1090,,152,Featureused,Alerts,
1091,1092,694,,,2025-08-24 09:56:14
1092,1093,80,Featureused,Alerts,2025-07-17 18:46:46
1093,1094,216,Featureused,,2025-09-06 03:09:13
1094,1095,244,Featureused,Alerts,2025-06-02 03:26:19
1095,1096,602,Featureused,Alerts,2025-07-01 07:04:23
1096,1097,264,,Integrations,2025-06-20 08:09:26
1097,1098,242,Featureused,,2025-10-21 23:42:54
1098,1099,672,Featureused,Alerts,2025-07-29 02:05:41
1099,1100,,Featureused,Integrations,2025-07-19 00:15:57
1100,1101,1,Featureused,,2025-09-03 00:43:04
1101,1102,519,Featureused,Alerts,2025-06-29 00:33:19
1102,1103,436,Featureused,,2025-08-12 02:18:24
1103,1104,266,,Alerts,
1104,1105,501,Featureused,Alerts,2025-06-09 09:45:01
1105,1106,526,,Alerts,
1106,1107,,Featureused,Alerts,
1107,1108,615,Featureused,Integrations,2025-09-04 21:13:10
1108,1109,663,Featureused,Integrations,2025-11-07 17:51:22
1109,1110,617,Featureused,Alerts,2025-09-09 17:25:33
1110,1111,599,Featureused,Integrations,2025-08-27 12:02:41
1111,1112,647,Featureused,Integrations,2025-07-10 10:11:00
1112,1113,180,Featureused,Alerts,2025-09-06 18:24:35
1113,1114,465,Featureused,,2025-09-27 01:19:50
1114,1115,605,,Alerts,2025-08-25 15:13:24
1115,1116,397,Featureused,,2025-08-20 18:53:58
1116,1117,513,Featureused,Integrations,2025-08-16 13:13:39
1117,1118,123,,Alerts,2025-09-19 02:24:50
1118,1119,,Featureused,Integrations,2025-08-25 06:33:23
1119,1120,413,,Alerts,2025-08-20 17:47:52
1120,1121,2,Featureused,,2025-08-12 12:18:45
1121,1122,,Featureused,Alerts,2025-06-14 01:59:55
1122,1123,617,Featureused,Alerts,
1123,1124,604,Featureused,Integrations,2025-07-26 23:15:16
1124,1125,330,,Alerts,2025-08-09 13:23:12
1125,1126,439,Featureused,Integrations,2025-06-13 13:26:40
1126,,687,,Alerts,2025-09-12 00:25:09
1127,1128,148,,Alerts,2025-06-07 17:33:22
1128,1129,398,,Integrations,2025-08-29 07:09:03
1129,1130,,Featureused,Integrations,2025-10-08 09:58:16
1130,1131,621,,Alerts,2025-08-03 11:02:34
1131,1132,125,Featureused,Alerts,
1132,1133,476,Featureused,Alerts,2025-07-27 12:38:39
1133,,588,Featureused,Integrations,2025-07-13 02:22:39
1134,1135,253,Featureused,Integrations,2025-06-02 08:40:45
1135,1136,131,Featureused,Integrations,
1136,1137,432,Featureused,Alerts,2025-06-25 23:41:22
1137,1138,453,Featureused,,2025-06-14 16:07:00
1138,,584,,Alerts,2025-06-21 02:42:57
1139,1140,,,Alerts,
1140,1141,194,,Reports,2025-07-19 04:14:55
1141,1142,706,Featureused,Integrations,2025-05-23 12:22:22
1142,1143,631,Featureused,Integrations,2025-07-08 10:43:50
1143,1144,505,Featureused,Integrations,2025-09-28 21:53:40
1144,1145,336,Featureused,Alerts,2025-09-10 10:06:53
1145,1146,306,,Integrations,2025-07-15 11:29:33
1146,1147,261,Featureused,Alerts,2025-09-19 17:33:49
1147,1148,463,Featureused,Integrations,2025-08-19 13:08:50
1148,1149,554,Featureused,Integrations,
1149,1150,446,Featureused,Integrations,2025-07-06 03:39:35
1150,1151,328,,Integrations,
1151,1152,160,Featureused,,2025-08-12 16:28:03
1152,1153,618,,Integrations,2025-06-16 23:28:01
1153,1154,16,Featureused,Alerts,2025-08-09 17:29:56
1154,1155,96,Featureused,Integrations,2025-09-01 20:32:58
1155,1156,20,Featureused,Alerts,2025-09-07 11:50:17
1156,,210,Featureused,Alerts,2025-09-13 17:47:21
1157,1158,488,Featureused,Integrations,2025-08-13 14:25:56
1158,1159,,Featureused,Alerts,2025-10-20 19:50:15
1159,1160,3,Featureused,Alerts,2025-09-26 22:28:36
1160,1161,13,Featureused,Integrations,2025-06-26 03:06:21
1161,1162,538,Featureused,Integrations,2025-06-05 09:11:39
1162,1163,,Featureused,Alerts,2025-07-01 13:03:04
1163,1164,62,,Alerts,
1164,1165,586,Featureused,Integrations,2025-08-12 09:28:44
1165,1166,240,Featureused,Alerts,2025-07-28 00:38:08
1166,1167,32,,Alerts,2025-09-15 13:41:29
1167,1168,54,,Integrations,2025-07-08 19:31:05
1168,1169,256,Featureused,Alerts,2025-07-11 06:26:52
1169,1170,204,Featureused,Integrations,
1170,1171,227,Featureused,,2025-06-19 09:34:45
1171,1172,197,Featureused,Alerts,2025-05-22 06:01:27
1172,1173,402,Featureused,Integrations,2025-09-24 08:26:24
1173,1174,229,Featureused,Integrations,2025-09-10 02:20:22
1174,1175,185,Featureused,Integrations,2025-08-29 04:40:45
1175,1176,368,Featureused,Alerts,2025-08-09 17:26:43
1176,1177,688,Featureused,Integrations,2025-09-14 14:50:09
1177,1178,30,Featureused,Alerts,
1178,1179,410,Featureused,Alerts,2025-09-02 02:42:07
1179,1180,452,Featureused,Integrations,2025-07-10 04:10:57
1180,,150,Featureused,Alerts,
1181,1182,551,Featureused,Alerts,2025-07-18 11:10:04
1182,1183,82,Featureused,Alerts,2025-06-04 05:10:32
1183,1184,286,Featureused,Alerts,2025-07-25 07:20:35
1184,1185,,Featureused,Integrations,2025-08-18 04:58:26
1185,1186,126,Featureused,Alerts,2025-06-29 14:04:19
1186,1187,120,Featureused,Alerts,2025-06-19 08:37:19
1187,1188,,Featureused,Integrations,2025-08-05 15:11:49
1188,1189,83,Featureused,Integrations,
1189,1190,398,Featureused,Integrations,2025-06-28 12:45:54
1190,1191,533,Featureused,Integrations,
1191,1192,389,Featureused,,2025-08-16 10:08:58
1192,1193,655,Featureused,Integrations,2025-06-11 13:14:06
1193,1194,504,Featureused,Integrations,2025-09-16 12:09:42
1194,1195,440,Featureused,Integrations,2025-07-29 20:35:50
1195,1196,546,Featureused,Alerts,
1196,1197,432,Featureused,Integrations,2025-06-08 08:05:34
1197,1198,120,,Integrations,2025-09-18 01:35:18
1198,1199,340,Featureused,,2025-06-25 22:52:31
1199,1200,371,,Integrations,2025-10-17 04:43:16
