churn_event_id,account_id,churn_date,reason_code,refund_amount_usd,preceding_upgrade_flag,preceding_downgrade_flag,is_reactivation,feedback_text
C-81628(8,A-c37$cab,2024-10-27,prici*ng,4.03,FALSE,FALSE,FALSE,sw!itch!ed to competitor
C$-5a81.e7,A.-3#7f969,2024-06-25,suppo.rt,96.45,TRUE,FALSE,FALSE,NA
C-a174be,A-b07^346,2024-11-12,budg-et,0,FALSE,FALSE,FALSE,missing features
C-acc$b@39,A-_1e50e0,2023-11-01,bu^dg.et,54.94,NA,FALSE,FALSE,swi)tched to competitor
%C-92f889,A-956988,2024-12-30,un+known,0,FALSE,TRUE,TRUE,NA
C-a8ac26,A-b20d99,2024-03-04,fea#ture%s,0,FALSE,FALSE,FALSE,-mis.sin+g feat!ures
C-2e296)6,A-526d93,2024-07-10,features,34.4,TRUE ,FALSE,FALSE,%NA
C-EE*531B,A-(751BD#4,NA,BUDGET,0,FALSE,FALSE,FALSE,NA
*c-e6a0$f0 ,a-&ccabf0,2024-10-31,features,0,false,false,false,too expe@nsive
C-932_8ba,NA,2024-10-10,fe^atur.es,0,FALSE,FALSE,FALSE,switch(ed to competitor
C-c89493,A-3ce5b8,2024-09-18,features ,261.49,NA,FALSE,NA,too e&xp$ensive
C-C54EF0,NA,2024-08-30,UNKNOWN,77.87 ,FALSE,FALSE,FALSE,MISSING FEA%TURES
C-bb355#6,A-bcf664,2024-08-08,com*petito!r,0,FALSE,FALSE,FALSE,NA
C-875dc5,A-b9f5&b1,2023-07-21 ,f@eatures,0,FALSE,FALSE,FALSE,switc^hed to competitor
C-c8f7b4 ,A-0dbdc6,2024-04-14,pricing,175.02,FALSE ,FALSE,FALSE,too& e)xp)ensive
NA,A-c9bb3e,NA,pricing,0,NA,FALSE,FALSE,swi*t%ched to *competitor
C-102614,A&-96e1&41,2024-07-22,budget,43.53,FALSE,NA,FALSE,too ex!pen@sive
NA,NA,NA,suppor#t,0,TRUE,NA,FALSE,missing features
C-742a59,A-812c5b,2024-05-11,support ,11.83,FALSE,FALSE,FALSE,missing) feat%ures
C-1f#9cf2,A-1e50@e0,2024-04-26,^pric-ing,0,FALSE,FALSE,FALSE,.switched @to competi&tor
C#-5d@5%a64,NA,2024-12-13 ,competitor,0,FALSE ,FALSE,FALSE,switched to com.pe&titor
(C-f81017,A-271f46,2024-08-09,features,0,NA,FALSE,TRUE ,missing features
C-3292be,A-592832,2024-10-04,support,22.66,FALSE,FALSE,FALSE,switched to competit^or
NA,A-180abf,2023-12-04,support,0,FALSE,FALSE,FALSE,NA 
C--100b97,A-0a282$f,2024-10-06,feat!u@res,0,FALSE,FALSE,NA,s*witched to compe@t%itor
!C-8843d4,A-e51ec7,2024-01-29,sup(po*rt,0,FALSE,FALSE,FALSE,miss^in^g !features
C-8b3048,A-034368,2024-08-29,features,0,TRUE,NA,FALSE,NA
C-48f456,A-8bde*0c,2024-11-28,f!eatu-res,0,FALSE,FALSE,FALSE ,mi%ssing features
)C@-dcdebc,A-08e34e,2024-07-13 ,competitor ,NA,FALSE ,FALSE,FALSE,switched to c(ompe^t(it&or
NA,$A-44dc83,2024-11-29,u(nknow_n,98.48,FALSE,TRUE,NA,missing fea*tur%es
&C-7-d13bf,A-*78f02b,2024-12-02,unknown,0,FALSE,FALSE ,FALSE,missing fe^atures
C-78a2bb,A-fce87%9,2024-12-03,NA,0,TRUE,FALSE,FALSE,s.witched !to competitor
C-935f4_8,A#-34ea+2f,2024-10-05,u%n^known,0,TRUE,FALSE ,FALSE,NA
C-366a49,A-.0b*aac2,2024-12-24 ,unknown,68.65,FALSE,FALSE,FALSE,switc%hed to com^p+etit!or
C-)62e7a3,A-ac85cd,2024-10-20,features,83.94,FALSE,FALSE,FALSE,NA 
C-f3aca2,A-439#b2f,2024-11-18,features ,0,FALSE,FALSE,FALSE,switched to #competitor
C-3b7c^60,A-0f6450 ,2024-12-29,co#mpetitor,0,FALSE,FALSE,NA,missing f%eatures
(C-736efa ,A-b#78bf8,2024-12-06,unkn*own ,0,FALSE ,FALSE,FALSE,NA
C-f6e873 ,A-^3b-5cd1 ,2024-07-24,NA,35.3,NA,NA,FALSE,too ^exp(e&nsive
C-2e2a3f,A-7df7a7 ,2024-07-10,budget,0,FALSE,FALSE,FALSE,missing feature$s
C-762dd4,A-3$96e5f,2024-11-30,feature$s,0,FALSE,FALSE,FALSE,NA
C^-f72425,A-!32fb14,2023-08-19,budget,0,FALSE,FALSE,NA,switched% to !competito%r
C-0E27$3D,!A-4E0E85,2024-03-14 ,NA,0,FALSE,FALSE,NA,NA
NA,A-922$109,2024-08-03,s+upport,0,TRUE,TRUE,FALSE,to&o* expensiv%e
C&-555f55,NA,2024-09-09,budge(t,0,FALSE,TRUE,FALSE,switched! to competitor
C-a26ce8,A-5a184f ,2024-03-19,support,0 ,FALSE,TRUE,FALSE,NA
C$-86A446,A-CCB686,2024-06-22,BUDG$ET,0,TRUE,FALSE,FALSE,!NA
C&-10ce#15,A-02!9f69 ,2024-12-14 ,#competitor ,NA,FALSE,FALSE,FALSE,too e@xpensive
C-2698c^2,A-9208f0,2023-11-18,featur#es,0,FALSE ,FALSE,FALSE,s*witched@ to _c+ompetitor 
C-48906a,A-5a92e7,2024-11-11,+budget,0,NA,FALSE,FALSE ,NA
C-4f7342,NA,NA,pricing,0,NA,FALSE ,FALSE,switched to co^mpetito.r
c-!23b1d0,a-2446-e3,2024-07-29,unk%nown,47.06,false,false,false,na
NA,A-#d5%35f6,2024-11-26,NA,0,FALSE,FALSE,FALSE,switched +to competitor
C-f2-0)8d4,A-6da%8^50,2024-10-25,competito&r,0,FALSE,FALSE,FALSE,missin%g features
C-ACB!C2B,A-2497.69,2024-12-16,BUD&GET,0,FALSE,NA,FALSE,NA
C-*85(9615 ,NA,2024-06-01,competit%or,0,FALSE,FALSE,FALSE,+m$iss%ing f*eatures
C--035985,A-6da850,2024-01-15,pricing,0,FALSE,FALSE,FALSE ,too expensive
C#-7cace4,A-4@8481$9,2023-12-29,s@upport,0,FALSE,FALSE,FALSE,NA
C-06a2e6,A-bbc346,NA,co-mpet+itor,NA,TRUE,FALSE,FALSE,!t^oo+ e!xpen#sive
C$-eb9d5e,A-_eb1312 ,2024-09-28,unknown ,0,NA,FALSE,FALSE,switch.ed to competitor
C-a45909,A-b&f79.19,2024-12-06,support,0,FALSE,FALSE,FALSE,NA
&C-7f85f4,A-#be(c#e89,2024-07-27,unknown ,53.61,FALSE,FALSE ,FALSE,switched to competitor
C--2)34#aa7,A-*832*ec2,2023-12-19,unknown,NA,FALSE,FALSE,NA,too expensiv-e
.C-0@b*a0a0,A_-22d9d2,2024-10-17,NA,0,FALSE,FALSE,FALSE,NA
C-d05e42,A-32(728c,2024-06-22,NA,NA,FALSE,FALSE,FALSE,NA 
C-8d3-5*40 ,A-37f96_9,2024-12-12,co_mpetitor ,50.41,FALSE,FALSE,FALSE,NA
.C-bedd8c ,NA,2024-11-16,unknown ,NA,FALSE,FALSE ,FALSE,@NA
C-1cea52,A.-310452,2024-12-25 ,bu)dget,0,TRUE,FALSE,FALSE,NA
C-1e0b1.a,A-0160#43,2024-08-11,competitor,84.75,FALSE,FALSE,FALSE,s_witch&ed to &competitor
C-c4e7a7,A-80eeb6,2023-10-19,^features,0,FALSE,FALSE,FALSE,missing featu)res
C-915973,A-7e0a10,2024-09-26,budget,0 ,FALSE,FALSE,FALSE ,mi)ssing featur^es
C--a403fc,A-6&a7c9d,2024-11-21,NA,0,FALSE,FALSE,FALSE,too +ex#pe)nsiv_e
C-025044 ,NA,2024-09-04,pricing,NA,FALSE,FALSE,FALSE,too !expensi_ve
C-a54597,A-9%f9299,2024-03-24,features,0,FALSE,FALSE ,FALSE,missing features
C-7*ab79.4,A+-ef8-4cf,2024-11-20,$support,0,FALSE,FALSE,FALSE,too expensive
C-7cd070 ,NA,2024-04-18 ,pricing,6.51,FALSE,TRUE,TRUE,s#witched to compet_ito@r
C-@1727c8,A.-65aeb5,2024-02-27 ,pricing,NA,FALSE,FALSE,FALSE ,NA
C-bb9@db4,A-659280,NA,%prici%ng,27.75,FALSE,FALSE,FALSE,#switc.hed )to competitor
C-0a0^bf7 ,A-d4+9_cc5,NA,competitor,0,FALSE,NA,FALSE,m@iss(i+ng $features
C-64$ba&8@a,A-)cc8c8f,2024-09-12,budget,0,NA,FALSE,FALSE,mi&ssing features
NA,A-1&80abf,2024-09-12,sup)po$rt,0,FALSE,FALSE,FALSE,NA
C-872bcf,A-6da850,2024-09-07,b&udget,0,FALSE,FALSE,FALSE,switched to co.mpe^tit(or
C-480232,A-31+ab#9a,2024-09-23,competi&tor,NA,FALSE,FALSE,TRUE,NA
C-108b2a,A-e08cd3,2024-09-21,&competitor,0,FALSE,FALSE,FALSE,switched to c-ompet^i.tor
c-775d4e,a-0651@a4,2024-12-25,s@up*port,0,false,false,false,NA
c-043665,a-b2225d,2024-06-27,NA,0 ,false ,false ,true,na
%c-2^dbe71,a-c222ab,2024-06-14,budget,4.52,false,false,false,to-o expensive
C-!b60cf0,NA,2024-03-10,u*nknown,99.94,TRUE,FALSE,FALSE,missing$ features
)c-f24343,a-425e76 ,2023-09-03,budg(et,0,false,false,true,missing features
C-a1d45c ,A-c.222ab,2024-06-10,fea$tures,27.62,TRUE,FALSE ,FALSE,missing features
C!-9d36da ,A-bc!f664,2024-08-17,c@ompetitor,0,FALSE,FALSE,TRUE ,NA
C-b4b58e ,A-96e141,2024-09-22,budget,0,FALSE,FALSE,NA,too &expensive
c-5cd282,a-df1e44,2024-11-20,budge+t,0,false,false,false,missing features
C-9#5f5&6e,A-7f*29a7,2024-10-09,unknown,NA,TRUE,FALSE,NA,NA
C-bd5b55,A-b07b56,2024-12-24,budget,0,FALSE,FALSE,FALSE,switched to competit#o+r 
C-b8127+e,A-d%792a6,2024-08-13,suppor)t,NA,FALSE,FALSE,FALSE,mi&ssing features
C-8153.b7 ,A-7cfe77,NA,(features,0,FALSE,TRUE,FALSE,.missing f*eatures
C-B6B828,A-69FAD4,2024-06-17,SUPPORT,NA,FALSE,FALSE,FALSE,NA
C!-a666a4,A-4bfa33,2024-12-28,unknown,7.26 ,TRUE,FALSE ,FALSE,switched+ to competitor
C-72d074,A-cc1d)8&d ,2024-12-17,featu#res,0,NA,FALSE,FALSE,t%oo e!xpensive
NA,NA,2023-03-21,support,0,TRUE,FALSE,NA,NA
C-2cccb0,A-692f18,NA,suppor-t,0,TRUE ,FALSE,FALSE,switched to com#petitor
@c-b08dda,a-7&a0d69,2024-07-09 ,f*eatures,28.95,false,false,false,na
C-66@d447,A!-fda07f ,2024-09-13,sup*port,17.34,FALSE,FALSE ,FALSE,missing feat)ures
C-860574,A-4e44e8,2024-10-11,NA,0,FALSE,FALSE,TRUE,switched to competit.or 
C-a4f797,A$-cd458b,2024-11-07,budget,0,FALSE,FALSE,FALSE,switched to^ competitor
C-4df#e&b8,NA,2024-07-27,unknown ,45.83,FALSE,FALSE,FALSE,swi(tched to competitor
NA,A.-2b)c93d,2023-08-10,NA,0,FALSE,FALSE,FALSE,missing features
C-1a5a14,A-104$f1a,2024-09-06,support,0,FALSE,FALSE,FALSE ,too expe(nsiv)e
C-6%c63bc,NA,NA,features,0,FALSE,NA,FALSE,m)issing^ featur!es
c-1f5828,a-2edab2 ,2023-12-21,unknown,168.73,false,false,false,sw@itched to (competitor
C-8$203f3,A-%3be56b ,2024-06-20,pricing,0,FALSE,NA,FALSE,switched t*o comp)etitor
C-f518d9,$A-6e!0&8-f%3,2024-02-10 ,comp!et$itor ,0,FALSE,FALSE,TRUE,NA
C-97.4%322 ,A-712533,2024-07-18,unknown,0 ,TRUE,FALSE,FALSE,NA
NA,NA,NA,COMPET$IT^OR,0,NA,FALSE,FALSE,M(ISSING FEATUR*ES
C-)61ced5,A-acb7f7,2024-03-21,competito&r ,0,TRUE,FALSE,NA,missing features
C-bb8317,A(-533452 ,2024-11-19,fe&atures,0,FALSE,FALSE,FALSE,NA 
C-576ecc,A-99308^5,2024-01-21,f)eatures,0,FALSE,FALSE,FALSE,NA
C-2608a3,A-bf7919,2024-12-17,features,0,NA,TRUE,FALSE,t_oo expensive
C-30462f,A-bb1486,2024-11-21,budge_t,0,FALSE,FALSE,FALSE,switched to competitor
.C-bc^6f48,A-eafc+6e,2023-07-31,pricing,0,FALSE,NA,FALSE,NA
NA,A-faa28c,2024-08-20,feature.s ,0,FALSE,FALSE ,FALSE,NA
C-3b399f,A-+7dacce ,2024-12-08,f.eatures,0,TRUE,NA,FALSE,NA
NA,A-50bb9f,2024-09-12,unknown,0,FALSE,TRUE,TRUE,too) expensive
C-192e1d,A-716841,2024-11-13,unknow+n,0 ,NA,FALSE,FALSE,too #expensi.ve
C-4.94a%16,A-5a184f,NA,sup#po-rt,0,FALSE,FALSE,FALSE,switch(ed to competi.tor
C-#3db21#2,A_-e40f^45,2024-11-09,NA,101.23,FALSE,FALSE,FALSE,missing features
C-47cdaa,NA,2024-01-12,f*eatur_es,83.06,FALSE,FALSE,FALSE,missin)g features
C-)ac853d,A-0354fe,2024-11-26,support,0,FALSE,TRUE,FALSE,switche.d to competit^or
NA,&A-f1f639,2024-04-07,budget,0,FALSE,FALSE ,NA,NA
C#-23a03)1,A-5247b3,2024-10-16,pricing,0,FALSE,FALSE ,FALSE,NA
+C(-178070,A-337bc1,2023-10-21,_support,0,FALSE,NA,FALSE,too e^xpens%ive
C-70.de89,A-039727,2024-12-22,pricin)g,46.49 ,FALSE,FALSE,NA,switch.ed to competit.o+r
C-49#de12,A-5c9849,2024-11-13,unkn)own,0,FALSE,TRUE ,FALSE,to%o expen(s&ive
C-97ab4b,A-82d8a.6,2024-12-29,features,0,FALSE,FALSE,NA,NA
C-$23*df1e,(A#-18793f,2024-12-30,NA,25.41,TRUE,FALSE,FALSE,NA
C-1&b0bb3,NA,2024-09-21,pr.icing,10.91,NA,FALSE,FALSE,too expensive
C&-48c0c.8,A-5#3f4e3,2024-12-06,comp)etitor,0,FALSE,TRUE,TRUE ,too e)xpensive
C-EAA652,A-1619F#8,2024-06-03,!COMPETITOR,0,NA,FALSE,NA,$MISS)ING FEATURES
C-%75e17f,NA,NA,NA,0,FALSE,NA,FALSE,too expensive
C-3dbe@46,%A-76fa4d,2024-11-26,unkno!wn ,1.55,FALSE,FALSE,FALSE,t@oo- expensiv@e
C_-4d517f,A-13*46)6a,2023-11-18,support,0,FALSE,FALSE,NA,switched to +com!pet-itor
C-#50dbff,%A)-31ab9a,2024-08-09,@bud%get,0,FALSE,FALSE ,FALSE,switched to compe(titor
C-2(d03fc,A-e4_3bf7,2023-06-24,NA,0,FALSE,FALSE,FALSE,missing features
NA,A-+20736A,2024-03-19,COMPETITOR,64.98,FALSE,NA,FALSE,TOO EX-PENSIVE 
NA,)A-956988,2024-12-08,budge#t,0,TRUE ,FALSE,FALSE,missing fea$tu%res
C&-f8@d15f,NA,2024-10-03,unkno^wn,0,FALSE,FALSE ,FALSE,$NA 
C.-_8$eba65 ,A-d@cc+3f1,2024-10-10,features,0,FALSE,NA,FALSE,switched to c$ompetitor
c-a125!3e,a-_462d45,2024-05-17,c*ompetitor,0,false,false,false,NA
^C-1e4b49,A-e5d6-ab ,2023-04-24,NA,0,FALSE,FALSE,FALSE,switche@d t+o compe$titor
C-354790,A-37f+9.6*9,2024-02-12,pr(icing,0,FALSE,FALSE ,FALSE,m_iss#ing fea(tures 
C-b_5bb09,A-%0.a62f5,2024-09-27,pricing ,NA,NA,FALSE,FALSE ,s_witched! to compet%i!tor
C-eb8f3d,A-0be0*15,2024-12-13,unknown,74.68,FALSE,FALSE,FALSE,@too ^expensive
C%-76793b,A-!e8@88d1,2023-09-24,support,NA,FALSE,NA,FALSE ,missing features
C-033d%73,.A-ff@c04f,2024-08-03,unknown,0,FALSE ,FALSE,FALSE ,NA
C)-2b7d9b,A-180abf,2024-03-09,NA,0,FALSE,TRUE,FALSE,NA
_C-6e+6bcf ,A-7c6b6.b,2024-12-09,budget,0,FALSE,FALSE,FALSE,to_o expensi_v@e
c-e26b7f,NA,2024-12-09,bu.dget,0,true,false,false,too expensive
C-6^26a5c,A-+e19ff6,2024-04-18 ,unknown,0,FALSE,FALSE,FALSE,missing f)eatures
C-fd2fe-4,A-7_8f02b,2024-12-09,budg_et,0 ,NA,FALSE,FALSE ,too expensive
NA,#A-#27$1^f46,2023-03-04,NA,0,FALSE,FALSE,FALSE,NA
C-57871b,A^-6a4^e2d,2024-07-19 ,#budget,0,FALSE,FALSE,FALSE,NA
C-fafb31,A-&5a92e7,2024-06-18,fea%tu)res,0,TRUE,FALSE,FALSE,missing $fea_tures
NA,NA,2024-10-13,support ,0,FALSE,FALSE,NA,switched to c)ompetito!r
+C+-8f9053,A-c1e5^1e,2024-11-09,pricing,0,FALSE,FALSE,FALSE,mi$ssing fea@tur-es
C-7690f5,A-4c56c9,2024-04-05,budget,44.23,TRUE,FALSE ,FALSE,NA
C-%fb91f8,A-96bbc6,2024-06-24 ,competitor,0 ,TRUE,FALSE,TRUE,NA
C-02_60*4c,_A-9$208f0,2024-11-09,NA,0,FALSE,NA,TRUE,too expensive
C-)85e84b,A-4814a^3,2024-11-25,pricing,0,FALSE,FALSE,FALSE,@too expensi$ve
!C-df@72bb,A-dcc2f0,2024-04-10 ,featur(es,0,TRUE,FALSE,FALSE,NA
C-a*4(1660,A-3c_c79-1,2024-10-09,feat@ures,0,FALSE ,FALSE,NA,NA
C-3e764b,A-d792a6,NA,co&m+petito(r,0,FALSE,FALSE ,FALSE,NA
C-f46a9e,NA,2024-04-09 ,features,0,FALSE ,FALSE,FALSE,missing features
C-864f6f ,A-e19ff6,2024-01-08,pricing,0,FALSE,TRUE,NA,switched to competitor
C-2ce*c1c,A-71!2f1c,2024-10-24,bu-dg*et,68.99,FALSE,FALSE,FALSE,NA
C-bc2761,NA,2024-02-08,competitor ,0,NA,FALSE,FALSE,*too )e@xpensive
C-c82861,A-e351e1,2024-10-24,NA,0,FALSE ,FALSE,FALSE ,switc)hed to )co#mpetitor 
C-7e1bbd,NA,2024-12-18,budget,0,TRUE,NA,FALSE,switched to c@o!mpetit*o^r
NA,A-09316c,NA,unknow+n,0,FALSE,FALSE,FALSE,switched# to compe@tit#or
C-13f-833,A-(4d1e75,2024-09-05,budget,0,FALSE,FALSE,FALSE,missing -featu+res
C-49916&5,A-8-ae3fc,2024-08-10,bud%get,0,FALSE,FALSE,FALSE,NA 
C-5d5768,A-(bb1eaa,2024-08-15,p)ricing,0,FALSE,NA,FALSE,NA
NA,A-c58f49,2024-08-27,compe%tito_r,0,TRUE,TRUE,FALSE,too expensive
C-5758.02,A-67be94,2024-06-30,competitor,13.72,FALSE,FALSE,FALSE,too expensive
C-b38b8a,A-cdf020,2023-12-08,NA,105.26,FALSE,FALSE,FALSE,too expensive
C-e601dc,A-aa9511,2023-10-17,c(omp&et(itor,0 ,FALSE,FALSE,NA,NA
C-bc805f,A-50bb9f,NA,unknown,0,FALSE,FALSE,FALSE,too^ $expensive
NA,A-b9)e&ed8,2024-04-23,pr%icing,0,TRUE,FALSE,TRUE,sw)itc#hed- to competitor
C-ae2)5d&5,A-149a69,2024-12-04 ,NA,0 ,TRUE,FALSE,NA,NA
C-d20b00,NA,2024-06-19 ,budget,0,TRUE ,FALSE,FALSE ,NA
C-0b#aa74,A-558c72 ,2024-11-28,*sup@port,43.01,FALSE,FALSE,FALSE,switched to competitor
C-7762fe,A-5^4e_cc2,2024-09-12,unknow)n,NA,TRUE,FALSE ,FALSE,NA
C-70ab02,A-3b5cd1,2024-01-21,pricin-g,0,TRUE,FALSE,FALSE,missing fea+ture*s
NA,A-@f!f3c73,2023-12-09,competit(or,0 ,TRUE,FALSE,FALSE,missing features
C-5b&6094,A-29-6d7c,2024-11-04,budget,0,FALSE,FALSE,FALSE ,t@oo expens&ive
C-c_5e093,A-c16101,2024-11-13,_fe^at_ures,NA,FALSE ,FALSE,TRUE,too expens.ive
C-94eeb&e,A-9779ad,2024-04-17,^u)nknown,0,TRUE,FALSE,FALSE,!switche!d# to com$petitor
NA,a-39ddf4,2024-12-13 ,suppo%rt,0,false,false,false,na
C-ebc^01c,A-$bd45@13,2024-12-07,fea!ture!s,0,FALSE,TRUE ,FALSE,switched# (to com%petitor
C-ae%15f4,A$-3793ee,NA,unk^nown,0,FALSE,FALSE,FALSE,NA
$C^-26576c,NA,2024-01-14,features,0 ,FALSE ,FALSE,FALSE,too e*x#pensive 
C-@F6FBA0,NA,2024-11-03,F!EATURES,0,FALSE,FALSE,TRUE,NA 
NA,A-eb-7c38,2024-03-22,b-udget,6.26,FALSE,TRUE,FALSE,NA
NA,A-202b67,2024-09-14,pricing,NA,FALSE,FALSE,NA,NA
C-947B6B,A-5A3EB9,2024-04-28,PRICING,0,FALSE,FALSE,FALSE,NA
C-+0af764,A-c%cab!f%0,2024-05-05,competitor,0,TRUE ,FALSE,FALSE,too e)xpens-ive
C-e91da6,A-2d4502,2024-05-07,pricing ,0,TRUE,FALSE ,FALSE,NA
C-2D)8&E22,A-FCE879,2024-10-07,S-UP^PORT,0,NA,NA,FALSE ,SWITCHED TO C-O!MP_ET^ITOR
NA,NA,2024-10-23,%budget,59.52,FALSE,FALSE,FALSE,NA
NA,A-151c9a,2023-11-04,support,35.6,FALSE,FALSE,NA,missin#g fea(tu!res
*C-258ade,A-5f2961,2024-11-28,pr-ici+ng,6.6,NA,FALSE,FALSE,s(witched to competitor
C-#8eda06,A-a865b!d,2024-03-18,unknow$n,0,FALSE ,FALSE,FALSE,NA
C-07^be44 ,A-751c58,2024-11-05,budget,0,FALSE,FALSE ,TRUE,m!issi+ng feat$ures
C-62daa0,A-b2225d,2024-03-31,^pricin_g,0,NA,FALSE,FALSE,too& e%xpensive
C-7d6220,A%-2edab2 ,2024-06-23,fea^ture%s,NA,FALSE,FALSE,FALSE,to&o expensive
C-A65F7^C,A)-098560,2024-05-30,SUP_PORT,34.35,FALSE,FALSE,FALSE,TOO EXPENSIVE
C-02a-354,A-ccb686,2024-11-24 ,NA,25.92,FALSE,FALSE,FALSE,NA
NA,A-db5e9e,2024-12-29,pricing,0,FALSE,FALSE,FALSE,$m&i)ssing feature+s 
C-36a&955,A-@96bbc&6,2024-12-04,com@peti.tor,NA,TRUE ,FALSE,FALSE,switc_hed to comp@etitor
NA,NA,2024-07-16,support ,0,FALSE,FALSE ,FALSE,too ex_p*e^nsive
C)-7befdc ,A$-9^779ad,2024-08-11,features,0,FALSE,NA,FALSE,too +ex!pensive
C-a72f7f,A-158f4e ,NA,budget,0,FALSE,FALSE,FALSE,switched to+ compe*titor 
C-(06569(9,A-#c16cf7 ,2024-12-07,support,0 ,NA,FALSE,FALSE,too ex+pen%sive
C-17+0$44c,A-bcf.664,2024-10-04,f*e_atures,75.32,FALSE,FALSE,TRUE ,too ex$pensive
C-d716@da,A-96bb!c!6,2024-12-21,bu(dget,125.6,FALSE,FALSE,FALSE ,miss@ing features
C-dd2(ad2 ,A-30b4ca,2024-09-01,feature)s,0,FALSE,FALSE,FALSE,NA 
C-2c410a ,NA,2024-12-23,features,0,TRUE,FALSE,TRUE,missing features
c-5f93ed,a-337bc1,2023-12-16,unknown,0,false,false,false,mi-ssing features
C-f79e5e,A-7dacce,2024-09-18,unknown ,0,FALSE,FALSE,FALSE,switched to competitor
NA,A-158f4e,2024-12-04,features,0,FALSE,FALSE,FALSE,NA
C-aee993,A-1@d5444,2024-06-01,su_pport,0 ,FALSE ,FALSE,FALSE,NA
C-cc8de6,A-526d93,2024-09-25,supp@ort,0 ,NA,FALSE,FALSE,NA
C-f1773a,A-68f37c,2024-05-15,support,0,TRUE,FALSE,FALSE,switc.hed to compe@titor
C-fe3853,%A-f51f16,2024-12-07,#competi-tor,0,TRUE,NA,FALSE,to)o exp*ensive 
NA,A-84ebe4,2024-01-05,budget,0,FALSE,FALSE,NA,switched! to com-pet)itor
C-449318,%A-5a184f,2023-07-23,features,0,FALSE ,FALSE,FALSE,too expensive
C-e2ecb!7,A-e7)a1e+2,2024-12-11,featu%res,0,FALSE,FALSE,FALSE,NA
C-2111$91,A-781cc0 ,2024-10-12,su.pport,0,TRUE,FALSE,FALSE,NA
NA,A!-0cc442,2024-07-20,pricing,0,FALSE ,FALSE,FALSE,*too expensive
c-6#95fcd,)a-2e4581,2024-11-23,bu*dget,0 ,NA,false,false ,switched to comp.etito*r
c-92133(5 ,a-659.280 ,2024-07-23 ,features,0 ,false ,false,false,too expensive
C@-9776b7,!A-40+a557,2023-12-08,budg+et ,0,FALSE,FALSE,FALSE,switched to compet^itor
C-b3d895,A-0a62f5,2024-12-27,supp$ort,43.6,FALSE,FALSE ,FALSE,too expe%nsiv&e
C%-1965c1,A-9f92+99,2024-10-08,compet&ito)r,0,FALSE,FALSE,FALSE,NA
C-0ec68d,A-e83938,2024-02-19,featur@es,0,FALSE,FALSE,NA,t$o-o* expen_sive
NA,a-3f9c$c0,2024-12-21 ,b%udget,NA,false,false,true,switched to competitor
NA,A#-ee(4!2!db,2023-06-23,pricing,0,TRUE,FALSE,FALSE,too exp^ens^iv_e
C-02f4fa,A-ae052e,NA,unkno@wn,0,FALSE ,FALSE,FALSE,too ex#pensive
NA,a-ab438f,NA,budget,0,true,true,false,NA
NA,A-90a.8c8,2024-08-29 ,supp!ort,0,FALSE,FALSE,FALSE,m!issing fea-tures
C-08b126,A-0cc442,NA,budget,0 ,TRUE,FALSE,TRUE,NA
c-9cc+7a5,+a-8e47ca,2024-09-18,compet)ito!r,0,false,false,false,too e^xpensive
C-c5b2e8,A--c60-8c8,2024-06-04,support,0,FALSE,NA,FALSE,too expensive
C-be8018 ,A-684@255,2024-07-03,unkno!wn,0,FALSE,FALSE,FALSE,too _e*xp&ensive
NA,a-*d77f4c ,2024-10-03,unknow$n,0,false,true,false,NA
NA,A-c7ffc2,2023-11-11,fe$a&tures,174.92,FALSE,FALSE,FALSE,missing@ feature&s
C-4c5^23f,NA,2024-03-12,unk+nown,NA,FALSE,FALSE,FALSE,switched to compet*itor
C-57(a768,NA,NA,fe!atures,10.5,FALSE,FALSE,NA,sw@itc)he.d to competitor
C-5*7&3a5c,NA,2024-11-23,^suppo)rt,0,NA,FALSE,FALSE,missi^ng_ features
NA,NA,2024-08-08,s%u+pport,122.11 ,FALSE ,FALSE,FALSE,too- ex+pe_nsiv*e 
C--8c9a9a,)A--9f0_b68,NA,featur+es,0,TRUE,FALSE,FALSE,too expensiv&e
C-2ce12e,A-712426,2024-11-26 ,pricing,0,NA,FALSE,TRUE,NA
$C-18b3#03,A-7641d3,NA,NA,96.35,FALSE,NA,FALSE,missing f_eatu^res
C-b6b.c5f,A-(bb1486,2024-11-23,NA,0,FALSE,TRUE,TRUE,switche-d& to competitor
C-8c-ce4c,A-fa30&9@5,2023-12-23,support,0,FALSE ,FALSE,FALSE,missi)ng feat%ure_s
C#-8fcd@f5,A+-310452,2024-12-27,budget,0,FALSE,FALSE,NA,too e#xpe*ns&ive
C-d%da&de1,A-463db0,2024-12-30,feature%s,0,FALSE,FALSE,TRUE,NA
C(-.5689de,A-^00be^d1,2024-01-03 ,NA,21.17 ,NA,FALSE,FALSE,NA
C-2f)61e8,A-ad3abd,2023-07-12,com)petit!or ,0,FALSE,FALSE,FALSE ,NA 
C-4dc992 ,*A-39b19f,2023-03-11,un!known ,0,FALSE,FALSE ,FALSE,NA
C!-17fb24,A-cc1d8d,2024-12-19,unknown,217.22,FALSE ,FALSE ,FALSE,too expens.ive
C-21efb$6 ,A-fa%2041,NA,competitor ,0,NA,FALSE,FALSE,swi(tched to !competitor
+C-4*86194,NA,2024-12-29,fe)atures,NA,TRUE,FALSE,NA,missi_ng features 
!C-3091b6,A-eb1312,2024-10-03,unknown,0,FALSE,FALSE ,FALSE,NA
c-b37401,(a-dfbd.31 ,NA,unknow.n,0,false,false,false,too ex-pensive
C#-c93006,NA,2023-11-16,competitor,0,NA,TRUE,FALSE,too expensive
C-cea9)2d,A-2e4581,2024-12-05,NA,0,TRUE,FALSE,FALSE,NA
NA,A-11717_1,2024-10-13,budget,NA,FALSE,FALSE,FALSE ,switched to@ competitor
C-F5A8#63,A-^E7A1E2,2024-09-30,BUDGE@T,6.2,FALSE,FALSE,TRUE ,NA
C-056c&32,A*-1e6fc3 ,2024-03-20,pricing,NA,FALSE,FALSE,NA,switch!ed to co(mpet)itor
C&-75a#b!b3,A-ac9111,2024-06-25,bud)get,0 ,TRUE,NA,FALSE,missing features
C-17377*e,A-ee+4@2db,2024-03-07,pricing ,0,FALSE,FALSE,FALSE,missing features
NA,+A-a45270,2024-11-12,p#ricing,0,FALSE,FALSE,FALSE,missing feat(ures
c--66b3_fa ,a-.37_8b99,2024-10-12,.prici-ng,0,NA,false,false,NA
C-600a.7c ,A-9ee962,2024-10-03,s+uppo^rt,0,FALSE,NA,FALSE,NA
C-7aa94d,A-038089 ,2024-12-25,features ,19.34,NA,FALSE,FALSE,NA
%C-c6&a403,A-68.4255,2024-05-04,$budget,0 ,FALSE ,FALSE,TRUE,mis^sing) features
C&-d3e2ab,A-f1f+6(39,2023-10-18,NA,0,FALSE ,FALSE,TRUE,missing features
C-b3c3&ce,A-9f2$731,2024-10-15,features,0,FALSE,FALSE ,FALSE,NA
C-D7DE9D,NA,2024-12-29,BUDGET,0,FALSE,FALSE,FALSE,T.OO E*XPENSIVE
C-2447.b3,NA,2024-03-24,support,0 ,FALSE,FALSE,TRUE,missing features
-C-155f.eb,A(-828_61f,2024-05-17,s(u+pport,0,FALSE,FALSE,FALSE,NA
C(-5f450a,A-c1e51e ,2024-12-20,%support ,0,FALSE ,FALSE ,FALSE,s!witched t#o competitor
C-7!21738,%A-d42431,2024-06-26,pr#icing ,NA,FALSE,FALSE,NA,missing( feat@ures
C-33fc6(a,A-c16101,2024-12-19,-f-eatu*res,0,FALSE,TRUE,FALSE,NA
C-4691e^b,A-7$c83a1 ,2024-05-19,unknown,0,TRUE,FALSE,FALSE,NA
C-2cec7e,A-ce550d,2024-12-28,budg@et,0,TRUE,FALSE,FALSE,too expensive
C-71@ff03,A--f194*09,2023-05-25,fea.tures,NA,FALSE,TRUE,FALSE,too exp^ensive
NA,NA,2024-06-17,budget,0 ,FALSE,FALSE,FALSE,NA
NA,A-484819,2023-06-29,s^u#pport ,0,TRUE,FALSE,FALSE,NA
C-7e5a22 ,NA,2024-12-09,f_eature#s,0,FALSE,FALSE,FALSE,NA
NA,NA,2024-12-04,unknown ,0,FALSE,FALSE,FALSE,NA
C-190a42,A-5*fe.118,2024-12-16,feat.ures,114.86,FALSE,FALSE,NA,NA
C-d2077d,A-cab532,2024-07-10,suppo(rt,0 ,TRUE,FALSE,FALSE,too exp)en(siv(e
C-3b6%b0*0,A-9289!f6,2023-08-24,suppor#t,17.93,NA,FALSE,FALSE,NA
C-4%2CA6E,A-1B9609,2024-02-02,PR+ICING,0,TRUE,FALSE,NA,TOO EXPENS(IVE
c-d9a1f3,a-118f1+c,2024-12-17,^budget,0,false,false,false,*na
C-@217360,A-76fa4d,2024-12-03,prici&ng,31.49,FALSE,NA,FALSE,to$o expensi(ve
C-%aa3*07-5,A&-7!dacce,2024-12-27,budget,0,FALSE,FALSE,FALSE,missing featur.es
C-3f2f59 ,A-a@8b49c,2024-06-17,features,NA,FALSE,FALSE,FALSE,missing f!eatures
C-4F6E40,A-CB5&333,2024-08-11 ,FE(ATURES,0,FALSE,FALSE,FALSE ,TOO E@XPENSIVE
C-2f95dd,A-f19409,2023-03-26 ,co-mpetit!or,0,FALSE,TRUE,FALSE,NA
C-@38-b7%7f,A-a8d89d,2024-01-18,feat!ur+es,0,FALSE,FALSE,FALSE,swit_ched to co^m+petit!or
_C-_58deed,A-81edc*3,2024-12-16,support,NA,NA,FALSE,FALSE,t!oo e.xpensive
C-8.6f8%a6,A-c#cc747 ,2024-04-15,budget,0,FALSE,FALSE,NA,swi%tched to@ com(petitor
C-5D91CD,A-3F9CC0,2024-08-09 ,FEATU(RES,0,FALSE,NA,FALSE,NA 
C-bfc_ee5,A-8e47ca,NA,sup(po$rt,0,FALSE,FALSE,NA,_missing features 
&C-450414,^A-87aa7b,NA,bu^dget ,NA,TRUE,NA,FALSE ,switched to compet#i_tor
c-dd4207,a-f45426,2024-08-05,competitor,47.17,false,false,false,missing features
C-d4c4c6,A-09540c,2024-03-05 ,NA,71.44,NA,FALSE,FALSE,_NA
NA,A-e1462e,2024-12-05,competitor,0,FALSE,FALSE,FALSE,NA
_C-de3fd0,A-19b2c8,2024-08-16,pricing,0,FALSE,FALSE,FALSE ,missing features 
C-577ffa,-A-10b8f2 ,2024-06-04,support,0,TRUE,FALSE ,NA,NA
NA,A-32728^c,2023-01-25,pricing,0,NA,FALSE,FALSE,swit@c%hed to competitor 
C-4cdb6f,A-f25509,2024-06-15,pricing,0,FALSE ,FALSE,FALSE,miss%ing features
NA,A-94d-3da,2024-04-12,co^mpetitor,0,NA,FALSE,FALSE ,NA
c-0f0386,a-751_c%58,2024-09-17,budget,64.22,false ,false,false ,s.witched to competitor
C-3-c8ea9,A-7641d3,2023-11-10,support ,35.05,TRUE ,FALSE,NA,missing features
C-66c9fe,A-86*902e ,2024-12-07,features,0,FALSE,FALSE,FALSE,NA 
C-533d1c,A-1619f8,2024-07-19,NA,0,FALSE,FALSE,FALSE,NA
C-02^719d,+A-5247b@3 ,2024-10-12,suppor.t,28.84,FALSE,TRUE,FALSE,missing fe+atures
C-16ef52,A-9b9fe9,NA,features,0,FALSE,FALSE,NA,switch#ed t_o competitor
C-6d80a6,A-02fac6,2024-08-21,support,0,FALSE,FALSE,FALSE,missing featur+e#s
C-23(d5a9,A-54ecc)2 ,2024-09-22 ,pricing,0 ,FALSE,FALSE,FALSE,too ex&pensive
C-2E9B^92 ,A-855A^48,2024-08-01,UNKNOWN,7.92,FALSE,FALSE,FALSE,T&OO$ EXPENSIVE
C-a8e84b,NA,2024-06-06,fe!atures,0,FALSE,FALSE,FALSE,missing feat!ures
_C-edb201,A-a7+bd4^b ,2024-10-15,featur^es ,0,FALSE,FALSE,FALSE ,too^ .expensiv^e
c-92e7a2,a-d5)35f6,2024-10-05,+unknown,0,true,false,false,missing features
NA,A-4f18f&0 ,2024-12-01,NA,0,FALSE,FALSE,FALSE,miss.i(ng features
C-E49016 ,NA,2024-09-01,COM&PETITOR,111.42,FALSE,FALSE,TRUE,NA
C-151(fb1,A-fd7ad3,2024-12-19,sup!port,0,TRUE,FALSE,TRUE,m)issing fe#atu_res
NA,A-2%49769,2024-06-12,pri^ci&ng,0,FALSE,FALSE,TRUE,to_o e#xpensi%ve
C-d33672 ,A-a1b8!0b,2024-07-11,budget,12.99,FALSE,FALSE,TRUE ,switched t+o comp+e-titor
C+-f180f4,A-ac14bb,2024-10-01,compet+itor,0,FALSE ,FALSE,FALSE ,too -expensive
C)-d8d_1fd,NA,2024-08-07,c.ompetitor,4.45,FALSE,NA,FALSE,NA
C-f9&18d7,*A-^202b67,2024-03-30,features,69.59,FALSE ,FALSE,FALSE ,NA
NA,A-bad8c*1,2023-10-04,NA,0,FALSE,FALSE,TRUE,too expensive
NA,A-2446E3 ,2024-07-20,COMPETITOR,34.87,TRUE,TRUE ,TRUE,M(ISSING FEATUR%ES
C-9b80de,A-533452,2024-12-01,pricing,NA,FALSE,FALSE,FALSE,m$issin!g. f(eatures
C-515343,%A-b54c01,2024-10-23,budge+t,0,TRUE,FALSE,FALSE,(too ex.pensive
C-da7b0d,A-2ebb4b,2023-08-04,prici#n+g,0,FALSE,FALSE,FALSE,missing features 
C-efed*73,A-&9123ac,2024-10-23,compe^titor,NA,TRUE,FALSE ,FALSE,missing fea_t%u#res
NA,A-8bde0!c ,2024-12-30,pricin&g,0,FALSE,FALSE,FALSE,NA
NA,A+-f44180,NA,competit!or,38.15,FALSE,FALSE,NA,NA
C-d47c%85,A#-c37601,2024-12-17,support,0,FALSE,FALSE,FALSE,@switche#d to competitor 
C-ad8b54,A(-a09355,2024-09-13 ,su#pport,0,TRUE,NA,FALSE,NA
C-89198d,NA,2024-10-21,compe&titor,NA,FALSE,FALSE,FALSE,NA
C-f33e_fc,A-8ed5dd,2024-10-30,support ,0 ,TRUE,TRUE,FALSE,swi&tched to compet@it(or
C-13ca3a ,A-313be#3,2024-03-23,NA,43.03,NA,FALSE,FALSE,to(o e)xpe^n@siv#e
C-07f6e3,A-e888d1,2023-06-06,^budget,0,FALSE,FALSE,NA,too e%xpensive
%C-65b5.8(9,A-7a0d69,2024-12-05,NA,NA,FALSE,TRUE,NA,switched to_ c.ompe-t$i@t+or
C-ea6df1,A-e51ec7,NA,budg@et,0,FALSE ,FALSE,FALSE,switched .to co!mpetitor
NA,A-1619f)8,2024-09-21,budge_t,0,FALSE,FALSE,FALSE,NA
C-9$d9bff,A-f+5641b,2024-06-17,fea@tures,0,FALSE,FALSE ,FALSE,too expensive
C-9d8799,A-dfbd31,2024-01-01,features,NA,TRUE,FALSE,FALSE,too expensive
C-2fb1#69,A-0532a9,2024-10-09,pricing,NA,FALSE,FALSE,FALSE,too expens!ive
C-3bac1^1,A-$f5641b,2024-04-20,pricing ,0,FALSE,NA,FALSE,NA
C-49868d,A-309e^54,2024-12-14,support,106.67,FALSE,FALSE,FALSE,m&issing feat#ures
C.-2^7770c,A&-7988d1,2024-06-19,competitor,16.89,FALSE,FALSE,FALSE,too expensiv*e
c-118bea,a-65aeb5,2024-12-02,budget,0,true,false,true,m$is*sing features
C-cf17c+a,NA,2024-12-17,features,0,FALSE,FALSE ,FALSE,too )expensive
C-25c0d2,NA,2024-10-10,budget,0,FALSE,TRUE,FALSE,missi$ng features
C-05#224a,A-f17767,2023-05-03,pricing,0,TRUE,FALSE,FALSE,NA
C-fe7ee4,A-b44e3e,2024-04-14,un#known,0,FALSE,FALSE ,FALSE,switched to competitor
C-14@ac13,A-68f37c,2024-12-18,NA,0,FALSE,FALSE,TRUE,to%o expe(nsive
NA,A-342303 ,2024-03-20,NA,0,FALSE,FALSE,FALSE,switched to competitor
C-29b7)f7,A-8ae05d,2024-08-30,unknown,0 ,FALSE,FALSE,NA,!missing featur^es
C-22b92e,*A-32fb14,2024-04-03,f^e^atu.res,0,FALSE,FALSE,FALSE,too -ex*pensive
C-46580a,A-)81edc3,NA,NA,0,NA,FALSE,FALSE,missing features
NA,A-a&33200,2024-10-07,features,21.61,TRUE,FALSE ,FALSE ,too expensi_ve
C_-88a176 ,A-d922bf,2024-12-06 ,)support ,11.13,FALSE,TRUE,FALSE,*too expensive
C-681c7b ,NA,2024-05-09,c&ompetitor,2.42,FALSE,FALSE,FALSE,missin-g #featur#es
C-ca1941,A-37f9-69,2024-11-03,pricing,0,FALSE,FALSE,FALSE,too expensive
C-7fcce6 ,A-4bfa33,2024-12-08 ,unknown,0,FALSE,FALSE,FALSE,missing* fea$tures
C-5328d+6,A-0b0d6d,2024-12-31,competit_or,0,FALSE ,FALSE,NA,NA
^C-cd7797,A-a8d8)9d,2024-08-26,pricing,0,FALSE,FALSE,FALSE,NA
C-7f0644,A-ae(052@e,2024-10-17,#budget,NA,FALSE,FALSE,FALSE,too e)xpensive
&C-2d4533,A+-117171,2024-10-22,features,NA,FALSE,FALSE,FALSE,+switched to co#mpetit@or
C-d9410c,A-87aa7b,2024-06-19,pric@ing,136,FALSE ,TRUE,FALSE,missing features 
C-7.5^fdd6,A#-0^f7d7)7,NA,com.petito_r,0,FALSE,FALSE,TRUE,missing features
C-3018d4,A-*34ea2f,2024-10-19,u)nknown,1.85,TRUE ,FALSE,FALSE,NA
C-fcbd6e,A-1e1b80,2024-11-13,features,NA,FALSE,FALSE ,FALSE,switc$hed to compe.titor 
C-79999b,A-58b9ff,NA,p_ricing,0,FALSE ,FALSE,FALSE,)t+oo expe_nsive
C-62a&d35,A-6965e1,NA,NA,0,FALSE,FALSE ,FALSE ,NA
C-f(0bd8%0,NA,2024-11-14,)p*ricing,0,FALSE,FALSE,FALSE,NA
C-f49@d4c,NA,2024-12-16,un(k-n&own,0,FALSE,FALSE,FALSE,switched to compe@ti-tor
%C-462222,*A-a^e052e,2023-10-07,suppor(t,0,FALSE,FALSE,FALSE,too exp@ensive
C@-f6#8651 ,A-eafc6(e,2024-12-12,unknown,0 ,FALSE,FALSE,FALSE,@NA
NA,A-c58f49,2024-09-21,support,7.6,FALSE,FALSE,NA,NA
NA,A-e7beab,2024-04-25,featu)res,0,FALSE,NA,FALSE,missing features
C-2c9dae,NA,2024-11-25,features,0,FALSE,FALSE,NA,NA
C-2c86b1 ,A-afa505,2024-03-02,NA,NA,TRUE,FALSE,FALSE,^missing feature^s
C@-1172fe,A$-4a267b,2024-06-17,suppo^rt,64.54,FALSE,FALSE,FALSE,NA
C-4f6d90,A-6a!7c9d,2024-11-15,features ,178.84,FALSE,FALSE,FALSE,missing (features
C-f51f1d,A-32fb!14 ,2024-04-28,co-mpetitor,0,FALSE,FALSE,FALSE,too. )expen^sive
C-bd@5e5&e,#A-*bd4513,NA,budget,35.14,FALSE ,FALSE,FALSE,too #expensive
C-9fd0c)f,A-eb7fac,2024-07-22,unknown ,0,FALSE,FALSE,FALSE,swi.tc*h!ed &to competito_r
NA,A-4e44e8,2024-08-25,#f+eatu_res,35.48,TRUE,FALSE ,FALSE,too expensive 
C-F1268A,A-32728&C,2024-07-19,B+UDG-ET,7.58,TRUE,FALSE ,TRUE ,MISSING FEATURES
C-#0b2d%8c,A-%1b9609,2024-01-02,u!nknown,0,FALSE,FALSE,FALSE,sw^it%ched to competitor
C-26865a ,A-85!4864,2024-12-24,supp_ort,NA,NA,FALSE ,FALSE,NA
C-fba952,A-118d_55 ,2024-12-27,p_ricing,0,FALSE,FALSE ,FALSE,too^ expensive
C-e4.261a,!A-417d2f,NA,budget,0,FALSE,FALSE,FALSE,mis^sing features 
C-ab^36fc,A-f031%40,2024-10-03,competito@r,0,FALSE,FALSE ,FALSE,miss#ing fea+tures
C-fdb715,A-241e75,2024-10-11,u$nknown,0,NA,FALSE,FALSE,NA
C-fcfc3c,NA,2024-09-11,support,0,TRUE,FALSE,FALSE,_switched to c_om+pet%itor
NA,NA,2024-12-09 ,UNKNOWN ,NA,FALSE ,FALSE ,FALSE,-M#ISSI^NG FE-A$T^URES
C-c!db4d0,&A-c2)2&2ab,2024-10-05 ,-support,0,FALSE,FALSE,FALSE,NA 
NA,A-E51EC7,2024-01-15,BUDGET,0,FALSE,FALSE,FALSE,TOO E_XPENSIVE
C-1e$e(a*d)2,A-5790%f4,2024-12-26,support,51.18 ,TRUE,FALSE,FALSE,too expens)ive
NA,^A-2bc.93.d,2024-08-15,com+petitor,99.1,FALSE,FALSE,TRUE,switched to# competitor
C-CF)B464,A.-EB2FDC,2024-05-26,+COMPETITOR,0,FALSE,FALSE,FALSE,MISSING FE(AT-URES
C-2!49af9 ,A*-ac^14bb,2024-08-29 ,pricing,128.79,FALSE,FALSE,FALSE,sw)itche%d to competi%tor
NA,A-_7988#d1,2024-12-24,unknown,0,FALSE,FALSE,FALSE,missing) features
C-6a)6704,#A-180a.bf,2024-05-08,NA,0,FALSE,FALSE,FALSE,switched to c^ompetitor
C--^e41103,A-180abf,2024-05-04,@competitor,0,FALSE,FALSE ,FALSE,NA
C-!53546c,A-e61e98,2024-10-19,*fe&atures,0,FALSE,TRUE,FALSE,switched to #co+mpetitor
C-f6$f8+a5,A-2d-1036,2024-10-28,pricing,39.09,TRUE,FALSE,TRUE,switched_ to c_omp%etitor
C-551bc+8,A-87a_a7b,2024-06-07,bu^dget,0,FALSE,FALSE,FALSE,NA
C-31A49(A,A-9123+AC,2024-04-05,S.UPPORT,0,TRUE,FALSE,TRUE,TOO EXPENSIVE 
NA,A-#0+f6450,2024-12-30,competit-or,NA,FALSE,TRUE,FALSE,NA
C-888.7_7a,NA,2023-12-09,c-ompetitor ,0,TRUE,FALSE,FALSE,NA
C-28085c,A-4&bfa33,2024-12-21,@budget,92.5,FALSE,FALSE,FALSE,NA
C-5f203c,A-80e-e$b6 ,2024-02-09 ,budget ,0,FALSE,FALSE,FALSE,too ex.pe&nsive
C-a6_d0e1,A-b179bf,2024-12-05,features,0,FALSE,FALSE,FALSE,mis@sing (features
NA,A-241e7$5,2024-12-19,feature_s,0,TRUE ,FALSE,FALSE,switch_ed to %competi&tor
C-b0b16@c,A-ae052e,2024-12-14,)c-ompetito&r,0,FALSE,FALSE,FALSE,^too expensive
C-dfe189,A-05f0e5,2024-11-25,features,72.19,TRUE,FALSE,NA,NA
C-9f!e257,A-157070,2024-12-27,features,0,FALSE ,FALSE,FALSE,too ^expensive
@C-c1bc7e,A-9)93085,2023-09-20,features,NA,FALSE,FALSE,FALSE,NA 
C-@27e9c1,A-c16%b88,2024-06-01,comp#etit^or,0,NA,FALSE,FALSE,switched to #c!ompet(itor
C-8f859!3,A-05d3b3,2024-09-09,un+k+nown,0,FALSE,FALSE,FALSE,swit+c(hed to competitor
NA,A-331424 ,2024-02-21,co.m_petitor,0,FALSE,NA,NA,NA
C!-3efa9b,A-cdf020,2024-11-07,NA,0 ,FALSE,FALSE,TRUE,too expensiv@e
C-917c1d,A-39868b ,2024-05-24,NA,0 ,TRUE,FALSE,TRUE,too expensive
C-2d659a,A-727-99b,2024-05-05,%pricing,0,TRUE,FALSE,FALSE,switched to com)peti-tor 
C-5d9db3,A-39868b,2024-05-06,unknown,0 ,FALSE ,FALSE ,FALSE,%NA
C-0@c829f,)A-c7ffc2,2023-04-15,budg#et,0,FALSE ,FALSE,FALSE,too expensive
C-83B-55*F,_A-5790F4,2024-12-25,FEATURES,392.92,FALSE,FALSE,FALSE,SWI#TCHED TO C&OMP.ETITOR
(C-fa614@9,A-3d957b,2024-05-05,budget,0,FALSE,FALSE ,NA,too exp@ensive
C-76d_76^2,A-5.1ec1b,2023-12-09,un_known,0,TRUE,FALSE,NA,too +exp.en)s)iv@e
C&-4b071b,^A-118d55,2024-11-25,unknown,0,TRUE,TRUE,FALSE,missing features
C-b3431e,A-e3bd71,2023-12-30,sup-port,0,FALSE,TRUE,FALSE,switched to competi#tor
)C-9a1ccc,A-b2_af2e,2024-11-14,NA,0,FALSE,NA,FALSE,-NA
C-cb924b,A-089363 ,2023-11-27,pricing,0,FALSE,FALSE,FALSE,NA
^C!-a4!7d71,A-%f5)1f16,2024-07-07,@features ,NA,FALSE,FALSE,FALSE,switched t_o competito!r
C-33c706,A-ffdfd5,2024-08-08,features,0,FALSE,FALSE,NA,missing fea#tures
C-901c1%a,A-4*25e76,2023-08-10,competitor ,0,FALSE ,FALSE,FALSE,too expensive 
C-481838,A-af0.cd2 ,NA,un(known,0,FALSE,TRUE,FALSE,swit.ched to# comp!etitor
%C!-ff002^d,A-8ed5_dd,2024-11-02,u-n-known,NA,FALSE,FALSE,NA,NA
C-1cf079,A-(354f12,2024-09-19,NA,NA,FALSE,TRUE,FALSE,(m#issing features 
C-#f17b79,_A$-6^5c341,2024-03-07,sup%port,0,NA,FALSE,FALSE,^too expe$ns&ive
%C-0204.46,A-0CC442,2024-10-06,UNKNOWN,0 ,TRUE ,FALSE,TRUE,SWITCHED TO COM^P-ETIT^OR
C@-9f95d3,A-157070,2024-01-06,NA,0,FALSE,FALSE,FALSE ,t.oo expensive
C-5499+3f,A-c4335_9,2024-12-19,s%u-ppor^t,8.92,FALSE,FALSE ,NA,missing features
c&-75dd!da,a-425e7!6,2023-12-25,competito%r,0,false,false,false,.t%oo expen.sive 
#C-d7ded6,A-e_888d1 ,NA,fe#atures,6.38,FALSE,FALSE,NA,s!witched( to competitor
^C-b!a8af4,A-bb3bd4,2024-06-30,unknown,0 ,FALSE,FALSE,FALSE ,NA
C-81$1879,A-ad64c6,2024-07-29,!unk*now$n,0,TRUE,FALSE,FALSE,NA
C-6736e4 ,A-3be56b,2024-01-10,competi#tor,0,TRUE,FALSE,FALSE,NA
C-0f75be,A-0b!aac2 ,2024-10-18,feature&s,30.73,FALSE,FALSE,FALSE,too expe(nsive
C-59d&7b.d ,A-*0f3(e88,2024-08-11,budget,0,FALSE,FALSE,NA,missing #features
C-d0f6d8 ,NA,2023-09-19,supp^or.t,0,NA,FALSE,FALSE,switched to^ co.mpetitor
C-9c899e,A-1e!1b80,2024-10-14,)competitor,0 ,FALSE,FALSE,FALSE,NA
C-fad4d#3,A-d+77f4c,2024-12-03,unknown,0,FALSE,FALSE,FALSE,too expensive
C-07EC1F,A-BBC34$6,2024-11-03,NA,15.46,FALSE ,FALSE,FALSE,SWITCHED+ TO COMPE+TITOR
C-156544,A-d42431,NA,budget,17.42,NA,FALSE ,FALSE,sw(itched to competit-or
+C*-e11%abb,$A-cc10_2e,2024-04-25,unknown,50.06,FALSE,NA,FALSE,NA
C$-d85c26,NA,2024-10-04,NA,0,FALSE,FALSE,TRUE,!too% expens&ive
C-d28d0e,NA,2023-10-04 ,competitor,0,NA,FALSE,FALSE ,mis&sing^ featur*es
NA,A-e19ff6,2024-06-27,comp#et-itor,0,FALSE,FALSE,FALSE,switched t+o c$ompet)itor 
NA,NA,2024-12-20,unkno(wn ,10.4,NA,FALSE,FALSE,missing# )features
C-4#49$1#8F,^A-9208F0,2024-09-15,UNK.NO)WN,0,TRUE,FALSE,TRUE,#TOO+ EXP^ENSIVE
C-cf246e,A-@7f6b86,2024-07-10,pricing ,5.27,NA,FALSE,FALSE,NA
C-e20cc6,A-cc102e,2024-11-19,pricing,0 ,FALSE ,FALSE,FALSE,%too expensive
C-1f4cc0 ,NA,2024-08-26,pricing,0,TRUE,FALSE,FALSE,NA
NA,A-7a0d69,2024-12-29,budge+t ,0,TRUE,FALSE,FALSE,NA
C-562e^14,A-c16cf7,NA,budget,0,TRUE,FALSE,FALSE,NA
NA,A_-2ebb4b,2023-08-19 ,pric+ing,0,NA,FALSE,FALSE,missing fea%tures
C-4bbb74,&A-c37cab,NA,NA,0 ,FALSE,FALSE,FALSE ,missi&ng features
C-8e5.c2)5,A-$9b9f^e.9,2023-12-27 ,features,27.92,FALSE,FALSE,FALSE,too expensive
C-&8a2d9d,A--0651a4,2024-11-22,featu_res,0,NA,NA,FALSE,mi+ssing features
C-d39666,A-3b37d9,NA,NA,0,FALSE ,FALSE,FALSE,NA
$C-ed4dcb ,*A-5a3^eb9,2024-06-12,NA,58.37,FALSE,FALSE,FALSE,missing fea^tures 
C-105C4C,A-0A62_F5,2024-12-07,NA,21.95,FALSE,TRUE ,FALSE,&NA 
C-.c3b1e4,A-df1e44,2024-10-17,budget ,0,FALSE,FALSE,FALSE,too expe^n#sive
C-b6997d,A-4ae)22a,2024-07-20,)pri-c.i#ng,0,FALSE,FALSE,NA,NA
C-36d1$7-e,A-ac85c#d ,2024-12-13 ,pricing,102.39,FALSE,NA,TRUE ,NA
C-$5cfad3,A-bece89,2023-12-16,.bu-dget,56.15,FALSE,FALSE,FALSE,missing features 
NA,A-ef84c*f,2024-08-14,unkn%own,18.81,FALSE ,FALSE,TRUE,sw.itched to c^ompetitor
C@-2b#f465 ,A-84ebe4,2024-01-20,support,0 ,FALSE,NA,FALSE,m$issing features
C-54ce4f,*A-6dee43,2024-01-14,pricin+g,143.8,FALSE,FALSE,FALSE,swi%tched to competit.or
C-BB53CB ,A@-94F8@C9,2024-05-02,BUDGET,0 ,FALSE,FALSE,FALSE,NA
C-c4e0b&8,NA,2024-10-31,support,0,FALSE,FALSE,NA,too expensiv(e
C-ba801a,A-7cfe#77,2024-09-09,u@nknown,0,FALSE,TRUE,FALSE,NA
C-1f8fd5,A-e351e1,2024-12-04,su_pport,0,TRUE,TRUE,TRUE,+NA
C-f477c9 ,A-3f9)cc0,2024-07-18,pricing,0,FALSE,FALSE,NA,too exp(ensive
c-4b854$f,a--ef84cf,2024-09-28,pric.ing,0,true,false,true,t*oo ex$pensive
C^-)1124ed,A-439b2f,2024-08-02,pricin-g,17.06,FALSE,FALSE,TRUE ,NA
C-370962,A-075038,2024-09-05,f!eatures,6.38,FALSE,FALSE,FALSE,NA
C-cc90be,A-d&82ef9 ,2024-08-06,bu^dg-et,74.94,FALSE,FALSE ,FALSE,NA
C-89af4e,A+-d77f4c,NA,NA,0,FALSE,TRUE,FALSE,t_o#o expens!iv@e
C-e73b7f,A&-e1462e,2023-10-05,support,0,FALSE,FALSE,TRUE,too -ex&pensive
C-5e0998,NA,2024-05-24 ,NA,0 ,FALSE,FALSE,FALSE,missing! features
C-09b7c7,A-08e34$e,2024-09-01,_fea%tures,3.57,FALSE,FALSE,FALSE,missing features
_C-2299d7,A-fd7ad3 ,2024-11-23 ,suppor@t,0,FALSE,NA,FALSE,to@o expens(i*ve
C-67d3e1,A-#86fc1d,2024-08-12,suppo%rt,0,TRUE,FALSE,FALSE,NA
C(-c)a5*f4b,A(-832+ec2,2024-09-15,+p!ri)cing,0,TRUE,FALSE,FALSE,switc+hed to c.ompetitor
!C-0340b2 ,NA,NA,)competit&or,0,FALSE,FALSE,FALSE,switched to compe&ti.tor
C-5368b0,A-e83938 ,2024-08-11,pricing,0 ,FALSE ,FALSE,FALSE ,swi)t!c%hed to! competi@t+or
NA,NA,2024-09-02,!competitor,NA,FALSE,FALSE,FALSE,switched to ^competitor
C-!ad7e&a3,&A-8145a0,2023-07-12,fe)atures,0,FALSE,FALSE ,FALSE,missing f(eatu&res
C-86416#9,A-)526d93,2024-08-05,support ,6.77 ,FALSE,FALSE,FALSE,swi*tched t&o competitor
C-488_b42,A-1b707d,2023-07-21 ,competi@tor,0,NA,FALSE,TRUE,NA
%C-ce47da,A-cc102e,2024-11-19,pricing,61.1,FALSE,FALSE,FALSE,swit#ched to comp-etito(r
C-)fb2a95,A-90%2ef7,2024-09-26,NA,0,FALSE,FALSE,FALSE ,too expensive
C-8d&834b,A-798a3f,2024-07-19,s$u(p^port,NA,FALSE,FALSE,FALSE,NA
C$-&9e8-172,A-ad64c6,2024-07-03 ,suppor^t,19.08,FALSE,NA,FALSE,missing% features
c-474d36,a-6+f50ae,2024-02-26,features,0,false,false,true,na
)C-)b7e6ac,A-9208f0,2024-05-24,budge+t,66.37,FALSE,FALSE,FALSE ,too expen$sive
.C-f^fc2b8,A-0*354fe,2024-11-15,unkno$wn,0,FALSE,FALSE,FALSE,^switch.ed -to competitor
C-A1B@CF0,A-^5)ED98D,2024-09-27,FEATURES,0,NA,FALSE,FALSE,MISSING ^FEATURES
NA,A-a09355,2024-10-18,support,NA,FALSE,FALSE,FALSE,NA
C-458075,A-!4437e4,2024-06-21,features,0 ,FALSE,FALSE,FALSE ,too #ex%pensive
C-3@003b.c,A-c58f49,2024-09-03,un+known,152.36,FALSE,NA,NA,too expensive
!C&-6*AC144,A-6F+50AE,2023-11-06 ,UNKNOWN,0,FALSE,FALSE,FALSE,MISSIN$G FE$AT@URES
C-9bb1b6,A-5ed98d,2024-10-02,NA,0,FALSE,TRUE,FALSE,mis-sing# feature*s
-C-0+7fd6b,A-e351e1,2024-10-30,unknown ,113.84 ,FALSE,TRUE,NA,missing featur-es
C-2e2f04,A-2d1036,2024-10-19,bud(get,NA,TRUE,FALSE,FALSE ,NA
C-2fc9c4 ,A-b30291,2024-09-03,competitor,277.54 ,FALSE,NA,FALSE,too expen#siv+e
C-1*09d03,A-1_f0ac7,2024-11-08,support,0,TRUE,FALSE,FALSE,m!is!sing feature%s
C-af7968,A-7+12)42-6,2024-11-21,pricing,0,TRUE,FALSE ,FALSE,missing features
C-785E*8E,)A-F25509,2024-11-10,FEA^TURE.S,0,FALSE ,FALSE,FALSE,-NA
C-#288-6ac,A-bcbe98,NA,com(petitor,0,FALSE ,FALSE,FALSE,mi*ssing features
C-a4%0fa4 ,A*-4c6f11 ,2024-06-29,NA,0,FALSE,FALSE,FALSE,NA
C-965d90,A-df10db,NA,competitor,0,FALSE,NA,FALSE,mi(ssing# features
NA,a-c1dfe1,2023-09-21,prici(ng,0 ,true,false,false,mis^sing featur+es
C-9c89ca,A-3&a(7284,2024-12-26,unk@nown,0,FALSE,FALSE,FALSE,(mi.ssi&ng! f$eatures
NA,NA,2024-12-16,budget,0 ,FALSE,FALSE,FALSE,to_o e#xpensive
C-0d5e99 ,A-68f3(7c,2024-06-29,unknow-n,0,FALSE ,FALSE,TRUE,too expensive
NA,A!-533452 ,2024-11-17,NA,0,FALSE,TRUE,TRUE,&m#issing fe@a$tures
C-887a83 ,A-0baac2,2024-07-15,unk+nown,0,TRUE ,FALSE,FALSE,missing features
C-84f039,NA,2024-01-01,support,78.25,TRUE,FALSE,FALSE ,mis%sing fe#atures
NA,A-$0dbdc6,2023-11-26,support,0,FALSE,TRUE,FALSE,!missi_ng features
C-6a$b303,A-4c6.f11 ,2024-10-18,c(ompetitor,0,FALSE,NA,FALSE ,to.o ex%pensive
C-4a3e8_e,A-54ec&c2,2024-11-23,suppo%r.t,0,TRUE,FALSE,FALSE,NA
C-f6702)6,A-b7ef83 ,2024-07-24,bu_dget,60.25,TRUE,FALSE,FALSE ,missing features
C.-c!6f6fe,A-922109 ,2024-12-17,support ,0,FALSE,FALSE,FALSE,+NA
C-374d5d,)A-c43359,2024-12-12,unknown,0,TRUE,FALSE,FALSE,*too exp$ensive
C-%8ae2f)5,A-f25509,2024-05-17,f.ea-tures,0,FALSE,FALSE,TRUE,NA
C-c66a6c ,A-02cd81,2024-04-30,pri&cing,0,FALSE,FALSE,FALSE ,NA
NA,NA,2024-05-28,&support,74.55,FALSE,NA,FALSE,missing fe*at.ures
+C-b411ad,A-ba6516,2024-03-17,budge)t,0,FALSE,FALSE ,FALSE,NA
C-ca1379,A-.e#e42d+b,2024-11-12,unknown,23.52 ,FALSE,FALSE,FALSE,NA
C-*6^1576.9,A*-ccb686,2024-11-08 ,unknown,0,FALSE,FALSE,FALSE,switched to competitor
C-db2e8d,A-b7724f,2023-08-25,unknown,52.88,FALSE,FALSE,FALSE,missing features
C-ed73ea,NA,2024-04-14,*features,NA,TRUE,FALSE,FALSE,NA
C-e20d.30,A-fd#7ad3,2024-12-31,NA,NA,TRUE,FALSE ,FALSE,NA
C-E42D29,A-!A865&BD,2023-11-26,UNKN^OW+N ,0,FALSE ,FALSE,FALSE,&M^ISSING FEATURES
C-cd8f)ba,A-(b7ef83,2024-06-01,unknown,0,FALSE ,FALSE,NA,too expe+nsiv)e
C!-2de339,A-e83938,2024-12-29,budget,13.5,FALSE,FALSE,FALSE ,NA
c-e(c714a,#a-53#3452,2024-12-16,suppo*rt,NA,false,false,false,mis.s(ing features
C-a@6$aa23 ,NA,2023-10-13,suppor#t,0,FALSE,TRUE,FALSE,missing features
C-3b408$5,A-4f18f0,2024-05-27,featur)es,0 ,TRUE,FALSE,FALSE,NA
C-437da0,NA,2024-07-11,NA,0,TRUE,FALSE,NA,NA
C-92DA55,A-#D26(AB4 ,NA,#PRICING,86.02,FALSE,FALSE,FALSE,TOO EXPENSIVE
NA,A-0$5f0e5,2024-01-14,unknown,0 ,NA,FALSE ,FALSE,missing .fea&tures
C!-+22D30D,A-D3C88E ,2024-11-18 ,S.UPPORT ,0,FALSE,FALSE,NA,TOO EXPENSIVE
C-a4a4a7,A-104f1a,2024-09-09,featur#es,0,FALSE,FALSE,FALSE,swi+tc_hed. t)o competi#tor
C-16ddba,A-b(2225d,2024-05-16,s*upport,0,TRUE ,FALSE,FALSE,switch^ed ^to (compet_itor
C-e8f3f5,A-5790f4,2024-12-31,co)mpetitor,0,TRUE,FALSE ,FALSE,too expensive 
C-6b*9663,A-104f1*a,2024-12-11,unkno!w+n,NA,FALSE,FALSE,FALSE,missing _features
C-6*5cff3,A-ccc74&7,2024-08-07 ,bud^get,104.25,NA,NA,FALSE,.NA
C-$a860c5,A-5f7781,2024-12-25,pricing,0,FALSE,FALSE,FALSE,NA
C-37929#d,A-e1b9cd,2024-10-01,NA,0,FALSE,FALSE ,FALSE,switch+ed to )competi!tor
C-e#fe5bb,A-7988d1,2024-01-06,budget,0,FALSE,FALSE,FALSE,too expe)nsive 
C-2)4-8550,A-@2922b6,2024-12-25,competitor,0,NA,FALSE,FALSE,missing feat*ures
C-38%EF8E,A-0BAAC2,2024-09-30,P^RICING,0,NA,NA,FALSE ,T)OO EXPENSIVE
_C-885a&34,A-71615e,NA,pricing,0,TRUE,FALSE ,FALSE ,missing feat!ures
NA,.A-#9f0b68,2024-11-01,pricing,0,TRUE,FALSE,FALSE,NA
NA,A-9779ad,NA,c%omp!etitor,0,FALSE ,FALSE,FALSE,.missing fe*atures
C-a5)29cf,A-+bb.3bd4,2024-05-30,pricing,0,TRUE ,FALSE,NA,missing feature-s
C-cc0058,NA,2024-10-20,unknown,0,FALSE,NA,FALSE,too expen@si.ve
C-A-E47.D1,A-425E76,2024-10-22,&COM+PETITOR,NA,NA,NA,FALSE,SWITCHED TO #COMPETITOR
$c-!59499c,+a-fd7ad3,2024-11-12,prici&ng,70.03,false,false,false,switche$d t*o competitor
C-b56a35,A-702032,NA,!compe%titor,NA,FALSE,FALSE,NA,s^wi@tched to comp+etito)r 
#C-7%e7822,A-dbc825,2024-02-03,budge%t,0,FALSE,FALSE ,FALSE,#NA
C-484fba,A-0a282_f,2024-12-31,support,62.66,FALSE,TRUE,FALSE,!too expensive
^C-22f536,+A--e5d6ab,2024-05-11,competitor,0,TRUE,FALSE,FALSE,NA
C-5e0b68,A-1f559b,2024-09-28,featur!e(s,0,FALSE,FALSE,FALSE,NA
