event_id,user_id,event_type,feature_name,occurred_at,
1,655,feature_used,integrations,2025-09-08T22:42:37,
2,115,feature_used,integrations,2025-05-30T06:49:08,
3,26,page_view,,2025-09-01T23:07:00,
4,82,page_view,,2025-10-14T03:45:40,
5,655,feature_used,integrations,2025-10-09T08:34:42,
6,147,feature_used,alerts,2025-08-14T19:10:33,
7,666,feature_used,integrations,2025-06-12T21:09:24,
8,83,signup_completed,,2025-07-17T16:12:22,
9,617,login,,2025-06-04T09:24:57,
10,159,page_view,,2025-06-30T19:26:05,
11,345,page_view,,2025-08-01T17:49:56,
12,637,feature_used,alerts,2025-05-24T07:46:21,
13,347,page_view,,2025-06-17T14:57:23,
14,690,feature_used,alerts,2025-09-24T18:41:54,
15,582,feature_used,alerts,2025-06-22T09:52:38,
16,140,feature_used,alerts,2025-10-24T03:20:34,
17,135,feature_used,reports,2025-10-09T11:22:13,
18,80,feature_used,experiments,2025-08-27T08:02:55,
19,346,feature_used,alerts,2025-06-02T16:53:26,
20,361,feature_used,reports,2025-06-12T21:13:01,
21,194,feature_used,experiments,2025-06-18T02:41:34,
22,247,feature_used,experiments,2025-06-02T07:24:02,
23,64,signup_completed,,2025-10-10T14:56:20,
24,606,feature_used,integrations,2025-09-18T00:14:13,
25,404,feature_used,alerts,2025-06-01T00:03:03,
26,5,page_view,,2025-08-07T13:10:27,
27,156,feature_used,dashboard,2025-08-09T09:52:11,
28,617,page_view,,2025-08-12T22:12:13,
29,341,signup_completed,,2025-09-17T14:40:41,
30,221,feature_used,integrations,2025-08-24T18:35:12,
31,434,login,,2025-11-02T21:32:31,
32,194,page_view,,2025-10-17T02:37:24,
33,614,page_view,,2025-09-09T09:39:52,
34,111,page_view,,2025-10-01T23:42:28,
35,419,login,,2025-09-27T10:55:47,
36,565,feature_used,integrations,2025-09-13T01:00:33,
37,168,feature_used,experiments,2025-10-14T04:51:30,
38,130,feature_used,experiments,2025-10-24T20:29:31,
39,511,page_view,,2025-08-09T20:16:06,
40,84,feature_used,integrations,2025-06-23T18:44:15,
41,574,feature_used,alerts,2025-09-03T04:52:20,
42,605,page_view,,2025-09-19T02:19:53,
43,71,feature_used,alerts,2025-05-31T00:13:02,
44,306,feature_used,integrations,2025-05-26T19:06:54,
45,588,feature_used,alerts,2025-07-30T22:10:59,
46,249,feature_used,integrations,2025-10-03T16:54:06,
47,124,feature_used,alerts,2025-09-25T03:04:22,
48,169,feature_used,alerts,2025-09-20T02:00:30,
49,692,feature_used,experiments,2025-06-27T01:23:50,
50,6,login,,2025-10-19T01:54:31,
51,495,feature_used,alerts,2025-07-11T10:47:21,
52,413,feature_used,integrations,2025-08-01T12:43:40,
53,265,feature_used,alerts,2025-06-05T01:13:08,
54,1,feature_used,alerts,2025-10-17T13:26:04,
55,322,feature_used,integrations,2025-06-13T03:08:54,
56,316,feature_used,alerts,2025-08-17T14:19:40,
57,628,feature_used,reports,2025-10-01T10:55:25,
58,133,feature_used,integrations,2025-06-21T08:01:22,
59,174,feature_used,integrations,2025-06-21T21:17:55,
60,79,feature_used,alerts,2025-06-20T06:25:30,
61,275,feature_used,integrations,2025-06-16T22:19:21,
62,288,page_view,,2025-06-27T19:37:36,
63,143,page_view,,2025-08-21T11:40:51,
64,482,feature_used,integrations,2025-07-05T09:52:22,
65,510,page_view,,2025-06-02T09:29:25,
66,683,page_view,,2025-08-02T03:56:07,
67,20,feature_used,integrations,2025-05-24T20:36:11,
68,576,feature_used,alerts,2025-09-19T04:32:55,
69,701,page_view,,2025-08-07T01:14:15,
70,617,feature_used,alerts,2025-09-13T19:14:27,
71,630,page_view,,2025-10-24T12:02:17,
72,179,feature_used,experiments,2025-08-05T20:08:03,
73,599,feature_used,alerts,2025-07-17T02:56:09,
74,304,feature_used,alerts,2025-07-19T20:41:58,
75,195,page_view,,2025-06-23T19:50:12,
76,466,invitation_sent,,2025-07-09T11:22:55,
77,694,feature_used,reports,2025-07-08T09:57:29,
78,555,feature_used,alerts,2025-07-19T13:59:25,
79,323,feature_used,integrations,2025-10-26T22:14:04,
80,22,feature_used,alerts,2025-09-03T08:48:12,
81,111,page_view,,2025-09-20T01:44:37,
82,304,feature_used,integrations,2025-10-10T06:34:43,
83,626,feature_used,integrations,2025-09-06T13:24:37,
84,358,feature_used,integrations,2025-08-11T02:23:25,
85,444,feature_used,alerts,2025-07-27T11:09:08,
86,447,feature_used,alerts,2025-10-31T12:25:48,
87,10,page_view,,2025-06-12T23:55:07,
88,534,feature_used,integrations,2025-06-02T01:47:16,
89,77,feature_used,integrations,2025-08-12T08:03:20,
90,380,feature_used,integrations,2025-10-20T15:15:22,
91,48,feature_used,alerts,2025-09-06T21:43:58,
92,475,feature_used,alerts,2025-08-15T22:40:02,
93,664,feature_used,integrations,2025-09-14T19:09:34,
94,519,feature_used,experiments,2025-11-02T17:18:44,
95,196,feature_used,alerts,2025-08-30T22:02:50,
96,704,feature_used,integrations,2025-07-20T21:04:46,
97,429,feature_used,integrations,2025-06-09T05:33:26,
98,588,feature_used,alerts,2025-05-21T17:32:52,
99,611,feature_used,integrations,2025-08-30T11:18:59,
100,666,feature_used,integrations,2025-10-11T08:00:56,
101,448,feature_used,alerts,2025-07-25T21:55:36,
102,198,feature_used,integrations,2025-09-28T05:09:01,
103,68,feature_used,integrations,2025-08-07T07:21:46,
104,131,feature_used,alerts,2025-07-01T10:54:39,
105,410,feature_used,integrations,2025-09-05T19:35:05,
106,353,feature_used,integrations,2025-09-01T00:10:10,
107,365,feature_used,alerts,2025-10-08T17:05:11,
108,235,feature_used,integrations,2025-10-19T16:20:36,
109,179,page_view,,2025-10-02T13:27:11,
110,510,feature_used,integrations,2025-10-18T11:58:11,
111,444,page_view,,2025-09-10T13:55:33,
112,642,feature_used,integrations,2025-07-02T04:06:46,
113,259,feature_used,integrations,2025-09-04T09:50:43,
114,315,feature_used,alerts,2025-06-12T01:10:33,
115,648,feature_used,integrations,2025-06-12T10:54:51,
116,612,feature_used,integrations,2025-06-06T11:29:35,
117,203,page_view,,2025-06-27T06:57:50,
118,561,feature_used,reports,2025-07-29T08:19:35,
119,145,feature_used,alerts,2025-05-24T21:59:48,
120,615,feature_used,alerts,2025-07-24T14:18:01,
121,26,feature_used,integrations,2025-05-24T09:33:01,
122,654,feature_used,integrations,2025-05-24T11:02:03,
123,702,feature_used,alerts,2025-09-09T01:42:55,
124,252,feature_used,integrations,2025-09-08T12:36:13,
125,151,feature_used,integrations,2025-07-05T23:23:18,
126,182,feature_used,integrations,2025-11-04T09:56:20,
127,392,feature_used,alerts,2025-08-07T15:06:56,
128,676,feature_used,dashboard,2025-10-31T10:09:03,
129,38,feature_used,alerts,2025-06-01T19:56:25,
130,586,feature_used,alerts,2025-10-14T14:26:39,
131,479,feature_used,alerts,2025-05-29T15:02:22,
132,171,feature_used,integrations,2025-07-03T10:19:00,
133,569,login,,2025-10-24T23:16:36,
134,209,feature_used,alerts,2025-05-23T21:48:19,
135,553,feature_used,alerts,2025-08-22T13:24:15,
136,399,feature_used,integrations,2025-08-07T13:54:30,
137,347,feature_used,alerts,2025-07-17T20:27:28,
138,689,page_view,,2025-10-22T07:07:34,
139,347,feature_used,integrations,2025-08-28T07:21:33,
140,252,feature_used,alerts,2025-06-05T01:01:54,
141,261,feature_used,dashboard,2025-09-12T03:46:33,
142,225,feature_used,integrations,2025-08-22T06:22:40,
143,79,feature_used,integrations,2025-09-10T13:19:03,
144,189,feature_used,integrations,2025-07-11T16:01:45,
145,420,feature_used,alerts,2025-10-31T03:50:55,
146,287,feature_used,integrations,2025-09-04T06:41:17,
147,363,feature_used,alerts,2025-11-03T00:58:01,
148,37,feature_used,alerts,2025-06-01T01:13:30,
149,687,feature_used,alerts,2025-10-11T10:19:09,
150,13,page_view,,2025-07-10T22:52:21,
151,150,feature_used,alerts,2025-08-18T10:04:37,
152,686,feature_used,integrations,2025-06-19T00:53:32,
153,183,feature_used,alerts,2025-09-13T22:05:53,
154,297,feature_used,integrations,2025-09-04T03:36:01,
155,67,feature_used,integrations,2025-11-01T04:39:43,
156,281,feature_used,alerts,2025-07-01T10:27:11,
157,380,feature_used,integrations,2025-07-05T12:07:40,
158,666,feature_used,alerts,2025-09-03T06:55:23,
159,132,feature_used,dashboard,2025-08-26T21:29:10,
160,428,page_view,,2025-06-03T14:20:37,
161,177,feature_used,alerts,2025-07-18T04:27:54,
162,221,feature_used,alerts,2025-05-20T18:51:40,
163,655,feature_used,integrations,2025-06-26T22:41:24,
164,199,feature_used,dashboard,2025-08-13T04:57:30,
165,427,login,,2025-08-09T00:12:57,
166,355,feature_used,integrations,2025-10-16T04:35:59,
167,453,feature_used,alerts,2025-06-30T13:57:38,
168,26,feature_used,integrations,2025-09-24T21:27:31,
169,545,feature_used,alerts,2025-08-29T06:50:38,
170,65,feature_used,integrations,2025-10-29T13:23:33,
171,599,feature_used,integrations,2025-05-20T23:40:41,
172,458,feature_used,dashboard,2025-07-08T19:02:15,
173,405,feature_used,alerts,2025-06-10T00:27:21,
174,693,feature_used,integrations,2025-06-27T10:53:26,
175,338,feature_used,alerts,2025-09-30T03:37:32,
176,17,feature_used,integrations,2025-09-26T20:32:51,
177,65,page_view,,2025-09-08T11:46:32,
178,488,feature_used,reports,2025-10-25T16:26:18,
179,643,feature_used,integrations,2025-07-26T19:39:10,
180,46,feature_used,alerts,2025-10-01T09:24:18,
181,442,feature_used,integrations,2025-10-06T23:58:15,
182,682,page_view,,2025-08-05T01:45:45,
183,597,feature_used,integrations,2025-10-20T14:44:17,
184,648,feature_used,integrations,2025-06-28T22:30:21,
185,591,feature_used,alerts,2025-10-13T10:02:12,
186,285,feature_used,alerts,2025-10-09T11:45:26,
187,115,feature_used,alerts,2025-09-25T22:35:06,
188,67,feature_used,integrations,2025-10-21T12:20:21,
189,188,feature_used,alerts,2025-09-05T23:10:21,
190,264,feature_used,reports,2025-08-26T01:37:06,
191,173,feature_used,alerts,2025-06-05T13:38:34,
192,351,feature_used,integrations,2025-08-09T03:23:19,
193,646,feature_used,alerts,2025-07-22T03:08:27,
194,65,feature_used,alerts,2025-06-18T17:44:01,
195,468,feature_used,integrations,2025-08-28T11:46:29,
196,304,feature_used,alerts,2025-08-18T00:15:05,
197,193,feature_used,integrations,2025-10-12T10:05:31,
198,8,login,,2025-09-21T02:01:25,
199,100,feature_used,integrations,2025-07-29T23:33:42,
200,586,page_view,,2025-10-23T20:19:49,
201,152,feature_used,alerts,2025-07-31T23:38:23,
202,569,feature_used,integrations,2025-07-13T09:53:13,
203,507,feature_used,alerts,2025-05-26T09:00:41,
204,399,feature_used,alerts,2025-11-03T12:52:23,
205,53,feature_used,integrations,2025-06-25T20:02:15,
206,437,feature_used,alerts,2025-09-19T10:30:16,
207,102,feature_used,reports,2025-09-28T15:49:09,
208,34,feature_used,integrations,2025-10-18T21:40:32,
209,475,feature_used,alerts,2025-10-08T13:44:27,
210,429,feature_used,integrations,2025-05-28T23:26:26,
211,708,page_view,,2025-07-25T06:58:17,
212,234,feature_used,alerts,2025-08-22T22:28:47,
213,635,feature_used,alerts,2025-11-04T22:23:55,
214,302,feature_used,alerts,2025-09-19T22:15:23,
215,81,feature_used,alerts,2025-10-29T11:11:22,
216,558,feature_used,integrations,2025-09-16T17:44:44,
217,442,feature_used,alerts,2025-08-27T19:26:05,
218,318,feature_used,integrations,2025-08-20T02:10:55,
219,403,feature_used,integrations,2025-08-24T19:09:52,
220,231,feature_used,alerts,2025-09-02T23:34:48,
221,271,feature_used,alerts,2025-07-25T15:56:52,
222,121,feature_used,alerts,2025-09-13T16:54:43,
223,78,page_view,,2025-06-17T13:54:21,
224,615,feature_used,alerts,2025-06-13T09:30:10,
225,341,feature_used,integrations,2025-06-22T13:53:43,
226,111,feature_used,integrations,2025-06-30T22:33:16,
227,461,feature_used,integrations,2025-09-13T05:16:06,
228,417,feature_used,alerts,2025-08-10T01:12:38,
229,470,feature_used,alerts,2025-09-01T15:25:47,
230,259,feature_used,alerts,2025-09-12T23:15:51,
231,485,feature_used,alerts,2025-08-03T06:28:56,
232,285,feature_used,alerts,2025-09-06T04:09:44,
233,88,feature_used,integrations,2025-09-18T05:04:04,
234,584,feature_used,integrations,2025-05-31T18:56:28,
235,627,feature_used,alerts,2025-10-03T02:58:47,
236,211,feature_used,integrations,2025-08-05T16:18:51,
237,615,feature_used,alerts,2025-08-24T06:58:02,
238,594,feature_used,integrations,2025-10-25T00:14:12,
239,551,feature_used,alerts,2025-09-01T12:43:46,
240,377,feature_used,integrations,2025-08-18T08:11:40,
241,419,feature_used,integrations,2025-06-05T14:01:06,
242,424,feature_used,alerts,2025-08-31T06:08:14,
243,48,feature_used,integrations,2025-09-30T15:28:28,
244,449,feature_used,experiments,2025-10-26T03:01:31,
245,621,feature_used,integrations,2025-07-30T09:22:21,
246,347,feature_used,alerts,2025-06-30T18:27:23,
247,663,feature_used,integrations,2025-11-04T04:13:32,
248,708,feature_used,alerts,2025-09-18T18:54:05,
249,631,feature_used,integrations,2025-08-10T17:53:23,
250,600,feature_used,integrations,2025-07-15T18:40:11,
251,443,feature_used,integrations,2025-08-01T03:50:09,
252,354,feature_used,integrations,2025-11-07T23:46:21,
253,71,feature_used,integrations,2025-08-25T08:51:36,
254,685,feature_used,alerts,2025-09-12T00:33:23,
255,21,feature_used,alerts,2025-08-01T06:54:01,
256,592,feature_used,alerts,2025-07-21T01:48:55,
257,433,feature_used,alerts,2025-10-14T04:02:16,
258,571,feature_used,integrations,2025-10-02T04:09:49,
259,410,feature_used,integrations,2025-06-04T16:06:19,
260,131,feature_used,integrations,2025-10-09T22:11:11,
261,371,feature_used,alerts,2025-06-06T15:58:24,
262,98,feature_used,alerts,2025-06-29T09:40:09,
263,248,page_view,,2025-11-02T15:04:08,
264,60,feature_used,alerts,2025-06-26T00:38:50,
265,198,feature_used,alerts,2025-08-21T05:18:18,
266,398,feature_used,alerts,2025-07-21T16:08:13,
267,601,feature_used,alerts,2025-06-30T07:44:38,
268,480,login,,2025-08-03T23:12:07,
269,498,feature_used,integrations,2025-09-01T11:37:05,
270,162,feature_used,alerts,2025-10-25T08:12:17,
271,703,feature_used,integrations,2025-09-01T04:39:36,
272,492,feature_used,alerts,2025-09-18T20:32:09,
273,608,feature_used,alerts,2025-06-16T23:44:16,
274,486,feature_used,alerts,2025-08-03T09:55:10,
275,539,feature_used,alerts,2025-06-22T20:28:09,
276,295,feature_used,integrations,2025-09-15T10:18:10,
277,80,feature_used,alerts,2025-05-30T01:24:40,
278,497,feature_used,alerts,2025-10-22T18:29:34,
279,572,feature_used,integrations,2025-07-14T15:22:22,
280,576,feature_used,integrations,2025-08-26T22:06:32,
281,556,feature_used,integrations,2025-09-18T02:48:15,
282,68,feature_used,integrations,2025-06-02T04:37:10,
283,411,feature_used,integrations,2025-10-24T02:54:08,
284,81,feature_used,alerts,2025-09-10T04:08:21,
285,445,feature_used,alerts,2025-07-06T14:37:55,
286,530,feature_used,integrations,2025-06-21T08:36:28,
287,612,feature_used,integrations,2025-06-15T09:10:52,
288,602,feature_used,integrations,2025-07-25T09:58:09,
289,264,feature_used,reports,2025-08-12T04:22:53,
290,529,feature_used,integrations,2025-10-18T02:33:40,
291,55,feature_used,alerts,2025-09-24T01:22:55,
292,174,feature_used,alerts,2025-09-20T02:41:36,
293,366,feature_used,alerts,2025-07-31T23:19:11,
294,493,feature_used,alerts,2025-06-03T13:44:42,
295,704,feature_used,integrations,2025-06-16T15:59:47,
296,657,login,,2025-08-23T07:46:31,
297,511,feature_used,integrations,2025-08-08T07:06:44,
298,362,feature_used,alerts,2025-10-01T14:52:15,
299,58,feature_used,integrations,2025-11-07T20:18:26,
300,469,feature_used,alerts,2025-07-14T22:05:13,
301,178,feature_used,integrations,2025-05-27T12:42:58,
302,601,feature_used,alerts,2025-10-07T19:58:35,
303,181,login,,2025-10-21T00:44:55,
304,599,feature_used,alerts,2025-05-28T09:40:01,
305,65,feature_used,integrations,2025-06-06T10:17:03,
306,168,feature_used,integrations,2025-06-01T06:37:25,
307,346,feature_used,integrations,2025-08-05T00:22:59,
308,407,feature_used,alerts,2025-06-04T15:22:23,
309,33,feature_used,alerts,2025-08-05T06:06:19,
310,228,feature_used,integrations,2025-08-19T23:34:10,
311,288,feature_used,alerts,2025-06-28T11:08:37,
312,41,feature_used,integrations,2025-08-23T03:58:30,
313,187,feature_used,integrations,2025-09-29T11:19:39,
314,122,feature_used,integrations,2025-10-02T14:51:17,
315,626,feature_used,alerts,2025-08-18T15:10:19,
316,532,feature_used,integrations,2025-07-13T12:50:06,
317,237,feature_used,reports,2025-06-27T00:59:02,
318,378,page_view,,2025-10-06T10:41:48,
319,627,feature_used,alerts,2025-06-11T19:28:34,
320,9,feature_used,alerts,2025-06-18T02:24:51,
321,496,feature_used,integrations,2025-10-15T21:26:24,
322,706,feature_used,alerts,2025-10-14T14:22:04,
323,497,feature_used,dashboard,2025-06-21T22:23:49,
324,561,feature_used,integrations,2025-08-10T09:13:46,
325,586,feature_used,integrations,2025-06-06T22:36:28,
326,693,feature_used,alerts,2025-06-21T10:33:47,
327,498,feature_used,alerts,2025-11-02T13:45:40,
328,12,feature_used,alerts,2025-06-30T04:22:15,
329,648,feature_used,alerts,2025-09-30T21:51:12,
330,329,feature_used,integrations,2025-05-29T15:56:13,
331,352,feature_used,integrations,2025-09-27T15:07:10,
332,399,feature_used,integrations,2025-09-10T18:08:41,
333,332,feature_used,alerts,2025-09-23T09:15:38,
334,440,feature_used,alerts,2025-10-12T07:53:09,
335,336,feature_used,integrations,2025-08-30T16:32:52,
336,345,feature_used,alerts,2025-11-03T12:23:19,
337,2,page_view,,2025-08-26T23:58:07,
338,637,feature_used,alerts,2025-06-10T00:19:29,
339,231,feature_used,alerts,2025-06-27T10:31:26,
340,250,feature_used,integrations,2025-11-07T20:41:52,
341,553,feature_used,alerts,2025-06-01T22:33:48,
342,63,feature_used,alerts,2025-10-27T22:05:00,
343,116,feature_used,integrations,2025-08-13T10:36:25,
344,564,feature_used,alerts,2025-10-01T21:20:26,
345,337,feature_used,alerts,2025-07-08T02:05:52,
346,676,feature_used,alerts,2025-07-04T02:42:06,
347,300,feature_used,integrations,2025-05-28T10:14:22,
348,163,feature_used,integrations,2025-08-21T14:30:27,
349,609,feature_used,alerts,2025-11-06T12:42:11,
350,94,feature_used,integrations,2025-11-04T08:46:44,
351,161,feature_used,alerts,2025-05-23T23:21:49,
352,612,feature_used,alerts,2025-06-08T06:05:09,
353,547,feature_used,alerts,2025-06-12T01:59:34,
354,239,feature_used,integrations,2025-09-10T00:15:41,
355,71,feature_used,integrations,2025-06-12T10:42:53,
356,71,feature_used,integrations,2025-05-21T17:26:19,
357,228,feature_used,alerts,2025-10-06T23:21:48,
358,416,feature_used,integrations,2025-05-28T14:02:11,
359,78,feature_used,integrations,2025-10-21T02:11:19,
360,344,feature_used,alerts,2025-07-29T05:56:37,
361,28,feature_used,alerts,2025-07-25T23:36:59,
362,568,feature_used,alerts,2025-05-28T15:52:12,
363,49,feature_used,integrations,2025-10-22T04:12:32,
364,48,feature_used,alerts,2025-07-15T09:04:27,
365,247,feature_used,alerts,2025-07-10T02:27:21,
366,528,feature_used,alerts,2025-07-10T13:14:39,
367,580,feature_used,integrations,2025-06-21T22:44:16,
368,436,feature_used,alerts,2025-06-10T21:40:34,
369,341,feature_used,alerts,2025-08-09T05:21:02,
370,222,feature_used,reports,2025-06-25T22:16:31,
371,437,feature_used,alerts,2025-11-07T21:14:30,
372,691,feature_used,integrations,2025-08-06T17:53:05,
373,247,feature_used,alerts,2025-06-10T08:54:20,
374,273,feature_used,integrations,2025-09-03T19:10:34,
375,25,feature_used,alerts,2025-08-02T16:30:11,
376,353,feature_used,alerts,2025-07-23T01:26:27,
377,32,feature_used,alerts,2025-09-14T14:56:01,
378,499,feature_used,alerts,2025-10-29T10:13:37,
379,332,feature_used,alerts,2025-11-11T06:22:13,
380,322,feature_used,alerts,2025-08-12T15:53:50,
381,312,feature_used,alerts,2025-10-16T21:27:52,
382,474,feature_used,alerts,2025-07-26T00:30:29,
383,619,feature_used,alerts,2025-07-10T20:16:50,
384,248,feature_used,alerts,2025-11-08T22:48:06,
385,608,feature_used,alerts,2025-10-13T10:09:13,
386,552,feature_used,alerts,2025-06-17T11:10:21,
387,373,feature_used,integrations,2025-08-31T05:53:40,
388,294,feature_used,alerts,2025-07-22T23:16:15,
389,35,feature_used,alerts,2025-06-04T23:39:43,
390,553,feature_used,integrations,2025-06-22T04:58:17,
391,25,feature_used,integrations,2025-07-10T18:10:43,
392,442,feature_used,alerts,2025-09-08T15:25:36,
393,624,feature_used,integrations,2025-06-20T19:27:34,
394,25,feature_used,alerts,2025-10-14T22:06:18,
395,554,feature_used,integrations,2025-10-08T14:55:24,
396,70,feature_used,alerts,2025-07-11T16:32:58,
397,373,feature_used,alerts,2025-05-21T13:04:24,
398,29,feature_used,integrations,2025-06-13T04:01:01,
399,40,feature_used,integrations,2025-09-11T22:22:50,
400,386,feature_used,alerts,2025-08-19T05:39:53,
401,299,feature_used,reports,2025-05-31T14:24:21,
402,48,feature_used,alerts,2025-07-06T08:17:11,
403,278,feature_used,alerts,2025-07-04T13:38:28,
404,413,feature_used,alerts,2025-08-04T08:14:06,
405,498,feature_used,alerts,2025-09-04T13:12:11,
406,356,feature_used,integrations,2025-08-16T20:08:10,
407,233,feature_used,alerts,2025-07-09T03:55:11,
408,681,feature_used,integrations,2025-06-06T00:07:55,
409,383,feature_used,alerts,2025-09-27T00:22:31,
410,293,feature_used,integrations,2025-07-19T06:13:03,
411,454,feature_used,alerts,2025-06-20T23:07:54,
412,143,feature_used,integrations,2025-07-02T16:21:35,
413,273,feature_used,reports,2025-09-12T14:22:16,
414,443,feature_used,alerts,2025-10-15T11:45:40,
415,698,feature_used,alerts,2025-05-31T18:47:47,
416,130,feature_used,alerts,2025-10-17T08:11:38,
417,103,feature_used,integrations,2025-09-21T04:53:52,
418,116,feature_used,integrations,2025-05-24T20:39:17,
419,165,feature_used,alerts,2025-07-15T02:37:54,
420,229,feature_used,alerts,2025-09-27T12:27:24,
421,209,feature_used,alerts,2025-05-30T06:03:13,
422,428,feature_used,integrations,2025-06-24T23:11:23,
423,568,feature_used,integrations,2025-11-06T02:06:16,
424,434,feature_used,alerts,2025-06-17T03:32:41,
425,557,feature_used,alerts,2025-06-22T22:35:06,
426,206,feature_used,alerts,2025-07-30T02:20:34,
427,228,feature_used,alerts,2025-11-01T20:36:15,
428,586,feature_used,alerts,2025-06-15T11:33:11,
429,635,feature_used,integrations,2025-05-20T23:05:06,
430,419,feature_used,alerts,2025-06-09T03:33:44,
431,210,feature_used,integrations,2025-09-01T10:33:07,
432,460,feature_used,alerts,2025-07-19T11:00:50,
433,26,feature_used,alerts,2025-09-26T20:06:30,
434,248,feature_used,integrations,2025-07-21T18:54:28,
435,253,feature_used,alerts,2025-06-23T18:04:19,
436,396,feature_used,alerts,2025-09-27T23:01:03,
437,189,feature_used,alerts,2025-07-22T09:11:19,
438,61,feature_used,alerts,2025-10-27T16:29:56,
439,140,feature_used,integrations,2025-08-04T17:40:02,
440,424,feature_used,alerts,2025-09-10T00:55:29,
441,152,feature_used,integrations,2025-10-08T01:35:29,
442,463,feature_used,integrations,2025-05-22T09:34:45,
443,249,feature_used,alerts,2025-09-15T21:26:42,
444,101,feature_used,alerts,2025-08-09T13:39:55,
445,211,feature_used,integrations,2025-09-22T19:45:20,
446,644,feature_used,integrations,2025-06-23T11:38:26,
447,275,feature_used,reports,2025-07-29T16:24:19,
448,121,feature_used,alerts,2025-05-22T18:42:35,
449,273,feature_used,integrations,2025-07-11T22:31:29,
450,326,feature_used,integrations,2025-07-29T01:49:00,
451,505,feature_used,alerts,2025-07-30T01:37:47,
452,310,feature_used,alerts,2025-09-11T11:05:27,
453,238,feature_used,integrations,2025-09-30T09:43:31,
454,373,feature_used,integrations,2025-09-24T02:47:27,
455,280,feature_used,alerts,2025-06-13T01:12:45,
456,316,feature_used,alerts,2025-07-13T00:35:23,
457,558,feature_used,alerts,2025-09-06T10:00:12,
458,322,feature_used,integrations,2025-07-24T15:15:26,
459,90,feature_used,alerts,2025-10-13T07:01:29,
460,546,feature_used,integrations,2025-09-05T01:51:50,
461,555,feature_used,reports,2025-07-29T05:42:35,
462,558,feature_used,alerts,2025-05-28T14:24:19,
463,505,feature_used,alerts,2025-07-19T07:04:16,
464,479,feature_used,integrations,2025-10-02T10:19:32,
465,499,feature_used,alerts,2025-10-08T08:55:42,
466,220,feature_used,integrations,2025-07-24T05:29:04,
467,632,feature_used,integrations,2025-07-09T16:14:32,
468,126,feature_used,alerts,2025-07-11T14:49:37,
469,25,feature_used,alerts,2025-08-21T22:28:49,
470,293,feature_used,alerts,2025-10-16T00:35:12,
471,617,feature_used,alerts,2025-10-11T06:34:45,
472,687,feature_used,integrations,2025-06-26T06:21:36,
473,162,feature_used,integrations,2025-09-28T16:47:55,
474,416,feature_used,alerts,2025-09-14T21:52:03,
475,317,feature_used,integrations,2025-11-02T20:42:55,
476,448,feature_used,integrations,2025-09-07T03:13:31,
477,324,feature_used,alerts,2025-06-22T16:52:11,
478,93,feature_used,reports,2025-07-04T03:58:19,
479,167,feature_used,alerts,2025-08-21T08:49:40,
480,386,feature_used,integrations,2025-06-20T01:30:13,
481,246,feature_used,alerts,2025-10-03T07:45:08,
482,319,feature_used,alerts,2025-07-19T21:52:58,
483,187,feature_used,alerts,2025-08-27T07:12:46,
484,225,feature_used,integrations,2025-06-12T11:32:25,
485,613,feature_used,integrations,2025-08-02T06:00:35,
486,575,feature_used,alerts,2025-06-20T15:28:42,
487,694,feature_used,alerts,2025-08-24T15:40:32,
488,287,feature_used,integrations,2025-08-22T13:42:02,
489,338,feature_used,alerts,2025-10-13T19:05:53,
490,299,feature_used,integrations,2025-09-09T18:27:29,
491,687,feature_used,integrations,2025-08-25T04:05:53,
492,376,feature_used,alerts,2025-06-29T19:11:17,
493,180,feature_used,alerts,2025-05-31T22:36:38,
494,490,feature_used,integrations,2025-07-31T14:06:00,
495,628,feature_used,alerts,2025-08-29T16:35:44,
496,667,feature_used,integrations,2025-08-27T11:49:12,
497,554,feature_used,alerts,2025-08-02T16:31:52,
498,527,feature_used,alerts,2025-08-26T18:39:46,
499,15,feature_used,alerts,2025-05-24T06:27:34,
500,180,feature_used,alerts,2025-07-29T03:32:46,
501,116,feature_used,alerts,2025-10-28T15:04:39,
502,442,feature_used,alerts,2025-10-29T03:32:31,
503,625,feature_used,alerts,2025-10-16T14:35:12,
504,586,feature_used,integrations,2025-09-25T06:57:29,
505,402,feature_used,integrations,2025-08-28T01:02:58,
506,675,feature_used,integrations,2025-08-18T20:11:05,
507,236,feature_used,alerts,2025-11-07T22:58:37,
508,373,feature_used,integrations,2025-08-14T17:52:09,
509,666,feature_used,alerts,2025-07-24T04:01:36,
510,367,feature_used,integrations,2025-10-31T03:42:40,
511,701,feature_used,integrations,2025-08-09T23:54:39,
512,422,feature_used,alerts,2025-07-13T10:42:53,
513,207,feature_used,alerts,2025-09-24T21:26:13,
514,237,feature_used,alerts,2025-07-30T14:56:33,
515,304,feature_used,integrations,2025-07-11T07:35:54,
516,293,feature_used,integrations,2025-07-04T18:45:41,
517,281,feature_used,integrations,2025-09-26T04:27:05,
518,396,feature_used,integrations,2025-11-02T14:06:11,
519,625,feature_used,integrations,2025-09-03T12:24:23,
520,81,feature_used,alerts,2025-07-11T16:27:23,
521,197,feature_used,alerts,2025-09-16T14:57:31,
522,525,feature_used,integrations,2025-09-07T13:24:20,
523,561,feature_used,integrations,2025-06-10T23:52:17,
524,280,feature_used,alerts,2025-08-08T08:32:20,
525,328,feature_used,alerts,2025-10-01T23:01:21,
526,148,feature_used,alerts,2025-07-24T12:48:02,
527,102,feature_used,integrations,2025-10-26T02:39:11,
528,184,feature_used,alerts,2025-08-29T01:58:55,
529,334,feature_used,integrations,2025-06-28T07:31:05,
530,547,feature_used,alerts,2025-09-19T14:09:51,
531,164,feature_used,alerts,2025-07-16T07:14:31,
532,662,feature_used,alerts,2025-09-24T22:40:13,
533,514,feature_used,alerts,2025-10-20T16:06:38,
534,548,feature_used,alerts,2025-08-02T02:10:34,
535,476,feature_used,alerts,2025-07-06T21:04:41,
536,57,feature_used,alerts,2025-09-03T20:56:23,
537,682,feature_used,integrations,2025-08-25T01:14:26,
538,674,feature_used,alerts,2025-09-20T04:09:01,
539,91,feature_used,alerts,2025-07-28T18:23:48,
540,549,feature_used,integrations,2025-09-27T02:37:33,
541,612,feature_used,alerts,2025-06-30T10:22:09,
542,500,feature_used,reports,2025-09-26T06:40:55,
543,607,feature_used,integrations,2025-10-07T18:34:05,
544,137,feature_used,alerts,2025-10-28T01:00:14,
545,695,feature_used,alerts,2025-08-16T20:47:41,
546,526,feature_used,alerts,2025-07-09T05:33:42,
547,238,feature_used,alerts,2025-05-24T10:22:18,
548,345,feature_used,integrations,2025-09-25T03:40:36,
549,597,feature_used,alerts,2025-08-07T09:02:09,
550,558,feature_used,alerts,2025-06-21T03:46:30,
551,41,feature_used,alerts,2025-06-08T13:52:11,
552,460,feature_used,alerts,2025-09-03T01:58:12,
553,114,feature_used,integrations,2025-06-29T02:47:42,
554,606,feature_used,alerts,2025-08-19T17:38:29,
555,421,feature_used,alerts,2025-10-22T15:55:55,
556,400,feature_used,integrations,2025-07-18T11:04:20,
557,55,feature_used,alerts,2025-10-01T08:41:42,
558,358,feature_used,alerts,2025-09-17T07:03:42,
559,567,feature_used,integrations,2025-08-16T06:33:59,
560,520,feature_used,alerts,2025-08-30T00:10:17,
561,393,feature_used,alerts,2025-09-07T09:34:49,
562,93,feature_used,integrations,2025-07-23T05:51:42,
563,10,feature_used,integrations,2025-11-08T16:08:06,
564,531,feature_used,integrations,2025-09-22T15:30:19,
565,166,feature_used,alerts,2025-06-15T04:52:27,
566,677,feature_used,alerts,2025-06-13T04:37:49,
567,453,feature_used,integrations,2025-09-07T12:02:08,
568,102,feature_used,alerts,2025-08-22T09:23:39,
569,246,feature_used,integrations,2025-07-06T09:46:23,
570,218,feature_used,integrations,2025-11-11T00:54:40,
571,529,feature_used,alerts,2025-08-19T22:01:58,
572,189,feature_used,integrations,2025-08-10T11:27:38,
573,81,feature_used,alerts,2025-08-13T11:37:58,
574,351,feature_used,alerts,2025-09-10T06:09:13,
575,295,feature_used,alerts,2025-06-30T23:32:41,
576,396,feature_used,integrations,2025-09-03T09:30:43,
577,284,feature_used,alerts,2025-07-20T01:36:45,
578,569,feature_used,alerts,2025-09-21T01:50:42,
579,286,feature_used,integrations,2025-06-22T18:16:26,
580,591,feature_used,alerts,2025-08-19T16:53:48,
581,254,feature_used,alerts,2025-10-25T22:13:01,
582,440,feature_used,integrations,2025-07-06T21:19:32,
583,392,feature_used,integrations,2025-06-09T12:29:16,
584,65,feature_used,alerts,2025-09-22T16:30:52,
585,210,feature_used,alerts,2025-06-16T22:15:16,
586,64,feature_used,alerts,2025-06-11T00:15:41,
587,138,feature_used,integrations,2025-07-18T05:17:11,
588,537,feature_used,alerts,2025-07-09T12:14:18,
589,117,feature_used,alerts,2025-05-20T22:37:21,
590,442,feature_used,integrations,2025-10-06T13:45:13,
591,112,feature_used,integrations,2025-05-31T00:39:43,
592,319,feature_used,alerts,2025-08-03T06:24:34,
593,524,feature_used,alerts,2025-07-08T09:28:01,
594,79,feature_used,integrations,2025-08-04T13:02:54,
595,557,feature_used,alerts,2025-06-22T02:46:43,
596,577,feature_used,alerts,2025-07-24T02:51:28,
597,97,feature_used,alerts,2025-06-24T06:33:21,
598,180,feature_used,integrations,2025-09-29T02:38:03,
599,164,feature_used,alerts,2025-06-12T14:48:39,
600,234,feature_used,reports,2025-06-08T08:44:27,
601,267,feature_used,alerts,2025-10-22T07:44:01,
602,330,feature_used,alerts,2025-06-20T12:48:50,
603,670,feature_used,integrations,2025-07-30T19:09:46,
604,699,feature_used,integrations,2025-07-13T07:31:23,
605,598,feature_used,alerts,2025-07-02T16:58:02,
606,422,feature_used,alerts,2025-06-04T03:28:57,
607,67,feature_used,alerts,2025-08-29T04:34:37,
608,143,feature_used,integrations,2025-09-09T17:15:49,
609,375,feature_used,alerts,2025-07-01T05:53:56,
610,237,feature_used,alerts,2025-06-17T16:36:59,
611,698,feature_used,alerts,2025-06-19T11:22:04,
612,107,feature_used,alerts,2025-10-20T15:03:32,
613,423,feature_used,integrations,2025-10-19T20:25:38,
614,5,feature_used,integrations,2025-06-23T00:39:26,
615,77,feature_used,integrations,2025-05-24T05:02:19,
616,310,feature_used,integrations,2025-09-07T10:44:23,
617,447,feature_used,alerts,2025-05-22T10:03:36,
618,689,feature_used,alerts,2025-08-21T12:48:06,
619,263,feature_used,integrations,2025-07-30T11:39:21,
620,69,feature_used,integrations,2025-07-25T14:23:04,
621,693,feature_used,integrations,2025-09-13T23:45:05,
622,693,feature_used,alerts,2025-07-06T11:30:56,
623,643,feature_used,integrations,2025-07-22T07:35:46,
624,344,feature_used,alerts,2025-10-20T09:10:12,
625,591,feature_used,integrations,2025-07-31T04:34:10,
626,25,feature_used,integrations,2025-07-01T19:36:27,
627,216,feature_used,alerts,2025-06-23T11:35:54,
628,514,feature_used,alerts,2025-08-15T16:14:10,
629,542,feature_used,alerts,2025-08-20T12:10:19,
630,356,feature_used,integrations,2025-07-21T20:40:29,
631,173,feature_used,alerts,2025-07-13T16:13:46,
632,510,feature_used,alerts,2025-07-12T18:10:53,
633,608,feature_used,alerts,2025-09-13T23:19:47,
634,138,feature_used,integrations,2025-09-27T12:33:01,
635,182,feature_used,integrations,2025-10-14T18:03:31,
636,201,feature_used,alerts,2025-07-18T23:46:37,
637,152,feature_used,integrations,2025-09-02T11:34:23,
638,221,feature_used,alerts,2025-09-25T23:52:38,
639,601,feature_used,alerts,2025-08-06T23:23:07,
640,56,feature_used,alerts,2025-08-27T17:35:47,
641,591,feature_used,integrations,2025-09-08T21:40:05,
642,454,feature_used,integrations,2025-05-26T19:24:40,
643,81,feature_used,integrations,2025-06-13T11:04:37,
644,101,feature_used,alerts,2025-11-06T13:37:00,
645,89,feature_used,alerts,2025-07-11T10:34:20,
646,489,feature_used,dashboard,2025-06-04T11:27:12,
647,603,feature_used,alerts,2025-05-30T08:39:35,
648,604,feature_used,alerts,2025-10-30T23:25:20,
649,219,feature_used,alerts,2025-06-28T18:21:57,
650,707,feature_used,integrations,2025-06-03T02:35:06,
651,616,feature_used,alerts,2025-09-21T01:13:10,
652,421,feature_used,integrations,2025-09-05T14:12:05,
653,79,feature_used,integrations,2025-05-29T18:05:14,
654,93,feature_used,alerts,2025-10-02T01:42:27,
655,62,feature_used,alerts,2025-09-25T22:13:41,
656,512,feature_used,integrations,2025-09-06T17:33:06,
657,532,feature_used,alerts,2025-09-11T08:48:23,
658,157,feature_used,alerts,2025-08-11T17:55:18,
659,598,feature_used,alerts,2025-07-26T00:41:51,
660,673,feature_used,integrations,2025-08-29T08:36:23,
661,105,feature_used,integrations,2025-07-17T19:27:25,
662,321,feature_used,alerts,2025-08-31T02:38:11,
663,308,feature_used,integrations,2025-07-25T02:18:17,
664,620,feature_used,integrations,2025-08-14T11:13:15,
665,215,feature_used,integrations,2025-09-01T12:33:29,
666,552,feature_used,integrations,2025-09-12T01:19:21,
667,276,feature_used,alerts,2025-07-22T23:32:03,
668,652,feature_used,alerts,2025-06-23T17:55:18,
669,203,feature_used,alerts,2025-08-20T02:44:26,
670,142,feature_used,alerts,2025-06-30T09:58:31,
671,572,feature_used,alerts,2025-05-23T03:07:10,
672,660,feature_used,integrations,2025-08-13T04:01:52,
673,16,feature_used,alerts,2025-07-29T13:26:57,
674,366,feature_used,integrations,2025-07-06T04:25:04,
675,386,feature_used,alerts,2025-06-08T23:37:45,
676,596,feature_used,alerts,2025-07-22T09:04:36,
677,473,feature_used,alerts,2025-06-13T06:10:24,
678,335,feature_used,integrations,2025-05-21T01:37:34,
679,268,feature_used,alerts,2025-07-31T06:56:19,
680,382,feature_used,integrations,2025-08-23T09:56:22,
681,128,feature_used,alerts,2025-10-31T00:50:32,
682,189,feature_used,alerts,2025-08-30T02:37:49,
683,517,feature_used,alerts,2025-09-20T09:59:39,
684,184,feature_used,alerts,2025-09-20T03:26:43,
685,473,feature_used,integrations,2025-07-17T07:59:42,
686,456,feature_used,alerts,2025-07-10T19:07:59,
687,438,feature_used,integrations,2025-10-09T03:29:51,
688,295,feature_used,integrations,2025-06-27T10:23:23,
689,474,feature_used,alerts,2025-10-05T20:12:35,
690,82,feature_used,integrations,2025-07-12T02:38:28,
691,75,feature_used,alerts,2025-05-20T23:51:43,
692,511,feature_used,alerts,2025-07-26T01:43:12,
693,384,feature_used,integrations,2025-09-21T12:56:09,
694,340,feature_used,alerts,2025-11-07T21:44:12,
695,456,feature_used,integrations,2025-10-19T15:43:37,
696,370,feature_used,alerts,2025-10-27T20:32:48,
697,427,feature_used,integrations,2025-06-14T17:13:18,
698,686,feature_used,integrations,2025-06-06T07:08:01,
699,508,feature_used,integrations,2025-05-22T02:34:20,
700,673,feature_used,alerts,2025-10-03T20:02:52,
701,225,feature_used,integrations,2025-08-11T06:27:20,
702,494,feature_used,integrations,2025-07-11T19:24:53,
703,193,feature_used,alerts,2025-09-12T02:43:19,
704,496,feature_used,alerts,2025-08-13T18:36:10,
705,320,feature_used,integrations,2025-09-21T16:24:10,
706,483,feature_used,alerts,2025-08-10T05:46:15,
707,398,feature_used,alerts,2025-06-19T23:46:37,
708,636,feature_used,integrations,2025-08-09T11:21:39,
709,642,feature_used,alerts,2025-10-21T20:32:40,
710,207,feature_used,alerts,2025-11-10T18:43:42,
711,400,feature_used,integrations,2025-08-19T08:43:58,
712,333,feature_used,alerts,2025-06-19T21:43:16,
713,11,feature_used,alerts,2025-07-26T03:23:50,
714,547,feature_used,alerts,2025-06-11T13:35:43,
715,293,feature_used,alerts,2025-09-17T06:11:28,
716,325,feature_used,integrations,2025-11-01T23:53:59,
717,283,feature_used,alerts,2025-05-30T11:52:09,
718,686,feature_used,alerts,2025-08-01T12:10:38,
719,587,feature_used,integrations,2025-09-25T19:17:39,
720,368,feature_used,integrations,2025-09-26T02:09:41,
721,288,feature_used,integrations,2025-07-05T00:12:03,
722,554,feature_used,alerts,2025-07-04T08:36:59,
723,216,feature_used,alerts,2025-08-25T02:40:12,
724,189,feature_used,integrations,2025-08-04T07:46:39,
725,368,feature_used,alerts,2025-09-08T12:20:19,
726,120,feature_used,alerts,2025-09-20T14:38:11,
727,661,feature_used,alerts,2025-10-12T15:34:23,
728,347,feature_used,integrations,2025-08-04T05:51:38,
729,135,feature_used,integrations,2025-06-21T09:25:34,
730,59,feature_used,integrations,2025-09-22T11:01:01,
731,667,feature_used,alerts,2025-07-19T21:42:04,
732,383,feature_used,integrations,2025-09-11T11:35:09,
733,613,feature_used,alerts,2025-06-14T16:41:39,
734,235,feature_used,alerts,2025-10-11T23:40:32,
735,199,feature_used,alerts,2025-08-09T15:47:15,
736,528,feature_used,integrations,2025-10-02T16:41:20,
737,2,feature_used,integrations,2025-07-09T19:30:00,
738,455,feature_used,integrations,2025-06-29T16:04:24,
739,695,feature_used,alerts,2025-07-17T08:39:24,
740,323,feature_used,alerts,2025-06-10T06:58:41,
741,296,feature_used,alerts,2025-10-08T12:24:12,
742,163,feature_used,alerts,2025-06-12T01:05:43,
743,517,feature_used,integrations,2025-08-18T15:19:35,
744,487,feature_used,alerts,2025-09-24T08:38:45,
745,255,feature_used,alerts,2025-06-23T13:13:34,
746,354,feature_used,alerts,2025-08-30T04:27:54,
747,79,feature_used,integrations,2025-07-08T16:29:54,
748,393,feature_used,alerts,2025-07-28T11:07:19,
749,607,feature_used,alerts,2025-09-26T16:39:37,
750,507,feature_used,alerts,2025-08-07T23:06:48,
751,311,feature_used,alerts,2025-05-26T13:45:40,
752,396,feature_used,alerts,2025-09-02T05:45:58,
753,238,feature_used,alerts,2025-06-02T21:38:19,
754,3,feature_used,integrations,2025-10-27T15:52:55,
755,55,feature_used,integrations,2025-10-19T07:19:12,
756,291,feature_used,alerts,2025-09-08T10:32:34,
757,20,feature_used,alerts,2025-07-13T04:28:49,
758,370,feature_used,integrations,2025-10-05T11:08:25,
759,302,feature_used,integrations,2025-09-11T06:09:10,
760,233,feature_used,integrations,2025-06-20T09:42:58,
761,72,feature_used,alerts,2025-06-26T05:38:35,
762,151,feature_used,alerts,2025-05-24T11:11:29,
763,36,feature_used,alerts,2025-07-04T19:53:32,
764,254,feature_used,alerts,2025-08-24T07:58:24,
765,42,feature_used,alerts,2025-08-25T19:22:09,
766,353,feature_used,alerts,2025-11-09T17:16:07,
767,469,feature_used,integrations,2025-07-10T10:50:27,
768,685,feature_used,integrations,2025-06-29T06:38:11,
769,421,feature_used,alerts,2025-11-01T13:00:08,
770,391,feature_used,integrations,2025-09-24T23:19:53,
771,526,feature_used,alerts,2025-09-25T20:49:53,
772,265,feature_used,integrations,2025-07-02T09:07:23,
773,209,feature_used,alerts,2025-05-30T23:03:00,
774,425,feature_used,integrations,2025-07-08T21:46:30,
775,298,feature_used,integrations,2025-06-14T12:05:21,
776,508,feature_used,alerts,2025-08-02T10:37:58,
777,79,feature_used,alerts,2025-08-02T01:07:30,
778,160,feature_used,alerts,2025-06-08T18:10:31,
779,593,feature_used,integrations,2025-08-04T02:45:16,
780,367,feature_used,integrations,2025-06-15T19:25:02,
781,568,feature_used,integrations,2025-10-05T20:15:56,
782,149,feature_used,alerts,2025-06-22T01:52:21,
783,300,feature_used,alerts,2025-06-28T15:29:45,
784,498,feature_used,alerts,2025-05-24T22:00:02,
785,605,feature_used,integrations,2025-07-11T16:26:43,
786,432,feature_used,alerts,2025-09-21T06:09:20,
787,691,feature_used,integrations,2025-06-17T05:48:22,
788,211,feature_used,alerts,2025-09-08T10:51:07,
789,488,feature_used,alerts,2025-09-27T14:31:41,
790,36,feature_used,integrations,2025-10-07T18:57:32,
791,506,feature_used,alerts,2025-07-28T20:22:24,
792,19,feature_used,alerts,2025-07-29T21:43:53,
793,17,feature_used,integrations,2025-07-21T03:17:21,
794,216,feature_used,integrations,2025-07-22T01:37:03,
795,158,feature_used,alerts,2025-06-17T18:38:03,
796,287,feature_used,alerts,2025-08-13T19:06:35,
797,208,feature_used,integrations,2025-06-16T23:13:16,
798,277,feature_used,alerts,2025-06-07T16:11:44,
799,693,feature_used,alerts,2025-06-15T02:21:03,
800,68,feature_used,alerts,2025-07-12T15:35:29,
801,505,feature_used,alerts,2025-08-22T18:23:48,
802,561,feature_used,alerts,2025-09-05T08:50:53,
803,183,feature_used,integrations,2025-07-17T08:37:32,
804,167,feature_used,integrations,2025-08-05T21:05:28,
805,574,feature_used,alerts,2025-09-02T11:32:41,
806,101,feature_used,integrations,2025-09-20T07:34:55,
807,134,feature_used,alerts,2025-10-19T00:09:09,
808,307,feature_used,integrations,2025-06-14T12:35:39,
809,514,feature_used,alerts,2025-06-08T01:13:13,
810,279,feature_used,alerts,2025-06-29T22:51:39,
811,135,feature_used,integrations,2025-05-23T07:21:51,
812,12,feature_used,integrations,2025-09-13T22:07:00,
813,556,feature_used,alerts,2025-10-20T16:35:46,
814,368,feature_used,integrations,2025-10-29T01:14:09,
815,16,feature_used,alerts,2025-07-03T01:51:03,
816,540,feature_used,integrations,2025-09-21T13:57:49,
817,117,feature_used,integrations,2025-10-09T22:13:32,
818,57,feature_used,alerts,2025-06-24T04:33:29,
819,516,feature_used,integrations,2025-11-11T06:02:51,
820,598,feature_used,alerts,2025-08-22T20:39:48,
821,39,feature_used,integrations,2025-10-01T11:02:45,
822,48,feature_used,integrations,2025-07-29T01:40:00,
823,238,feature_used,integrations,2025-05-20T20:05:40,
824,450,feature_used,integrations,2025-08-21T15:21:15,
825,105,feature_used,alerts,2025-08-31T11:23:37,
826,89,feature_used,alerts,2025-09-25T09:46:22,
827,311,feature_used,alerts,2025-06-05T05:18:02,
828,608,feature_used,alerts,2025-10-07T23:49:37,
829,227,feature_used,integrations,2025-10-16T01:41:10,
830,78,feature_used,alerts,2025-11-09T18:40:45,
831,251,feature_used,alerts,2025-06-22T22:41:03,
832,660,feature_used,integrations,2025-09-24T01:15:40,
833,531,feature_used,alerts,2025-09-21T15:50:11,
834,164,feature_used,alerts,2025-06-13T00:21:44,
835,393,feature_used,integrations,2025-07-20T14:23:26,
836,389,feature_used,integrations,2025-09-09T07:03:40,
837,377,feature_used,alerts,2025-05-21T19:33:45,
838,101,feature_used,alerts,2025-07-09T16:32:49,
839,355,feature_used,integrations,2025-08-15T12:23:49,
840,231,feature_used,integrations,2025-07-06T06:37:37,
841,627,feature_used,alerts,2025-10-07T12:22:48,
842,272,feature_used,integrations,2025-08-31T12:29:09,
843,184,feature_used,alerts,2025-07-06T07:06:03,
844,540,feature_used,alerts,2025-09-12T17:39:39,
845,547,feature_used,integrations,2025-10-27T09:40:30,
846,262,feature_used,alerts,2025-08-25T06:15:01,
847,109,feature_used,integrations,2025-10-14T07:54:03,
848,260,feature_used,alerts,2025-07-11T18:27:13,
849,353,feature_used,integrations,2025-08-22T20:07:50,
850,598,feature_used,alerts,2025-09-26T17:09:52,
851,269,feature_used,integrations,2025-06-29T04:18:57,
852,248,feature_used,integrations,2025-08-03T06:48:04,
853,354,feature_used,alerts,2025-06-20T23:53:09,
854,136,feature_used,integrations,2025-07-15T11:16:02,
855,65,feature_used,alerts,2025-07-23T06:34:28,
856,223,feature_used,integrations,2025-08-28T11:06:59,
857,58,feature_used,alerts,2025-08-14T12:47:06,
858,349,feature_used,alerts,2025-06-19T14:09:43,
859,40,feature_used,alerts,2025-06-04T19:15:01,
860,71,feature_used,alerts,2025-07-22T20:09:24,
861,74,feature_used,alerts,2025-08-30T02:46:56,
862,79,feature_used,alerts,2025-06-24T08:06:23,
863,350,feature_used,integrations,2025-07-27T20:30:12,
864,27,feature_used,alerts,2025-09-20T21:38:53,
865,9,feature_used,alerts,2025-08-14T03:17:40,
866,71,feature_used,integrations,2025-06-09T07:19:39,
867,708,feature_used,alerts,2025-08-16T03:27:09,
868,166,feature_used,integrations,2025-10-16T10:49:50,
869,338,feature_used,alerts,2025-08-19T09:04:34,
870,393,feature_used,alerts,2025-09-10T03:06:08,
871,365,feature_used,integrations,2025-08-06T04:44:10,
872,283,feature_used,integrations,2025-09-30T16:09:38,
873,456,feature_used,alerts,2025-08-11T15:47:11,
874,254,feature_used,integrations,2025-07-16T09:03:40,
875,262,feature_used,alerts,2025-06-02T09:20:49,
876,691,feature_used,alerts,2025-06-21T19:38:36,
877,138,feature_used,alerts,2025-09-06T20:01:36,
878,141,feature_used,integrations,2025-11-13T09:34:16,
879,306,feature_used,integrations,2025-06-21T13:10:25,
880,111,feature_used,integrations,2025-07-13T09:33:20,
881,140,feature_used,integrations,2025-06-01T18:31:05,
882,538,feature_used,alerts,2025-06-03T03:45:49,
883,264,feature_used,alerts,2025-05-21T00:58:42,
884,243,feature_used,alerts,2025-09-26T22:50:49,
885,406,feature_used,integrations,2025-08-31T09:43:02,
886,589,feature_used,integrations,2025-09-25T18:48:51,
887,87,feature_used,alerts,2025-07-19T00:19:24,
888,671,feature_used,integrations,2025-06-01T06:14:42,
889,57,feature_used,alerts,2025-09-21T13:10:44,
890,321,feature_used,alerts,2025-08-18T23:54:58,
891,414,feature_used,integrations,2025-09-16T05:35:24,
892,24,feature_used,alerts,2025-07-23T06:17:08,
893,406,feature_used,alerts,2025-08-21T13:47:46,
894,314,feature_used,alerts,2025-06-08T12:38:38,
895,282,feature_used,alerts,2025-06-22T00:59:54,
896,435,feature_used,integrations,2025-09-28T12:20:42,
897,271,feature_used,alerts,2025-06-25T22:09:42,
898,686,feature_used,alerts,2025-06-02T02:19:42,
899,364,feature_used,alerts,2025-08-02T05:58:36,
900,329,feature_used,integrations,2025-06-10T11:50:13,
901,409,feature_used,alerts,2025-06-22T09:37:12,
902,524,feature_used,integrations,2025-08-18T01:14:20,
903,597,feature_used,alerts,2025-09-25T01:31:43,
904,541,feature_used,alerts,2025-09-13T01:08:34,
905,438,feature_used,integrations,2025-07-05T18:09:22,
906,426,feature_used,integrations,2025-06-15T03:32:42,
907,409,feature_used,alerts,2025-08-26T08:35:48,
908,15,feature_used,integrations,2025-08-23T01:31:58,
909,53,feature_used,alerts,2025-09-02T11:25:37,
910,677,feature_used,alerts,2025-10-01T10:51:31,
911,587,feature_used,integrations,2025-07-04T18:55:45,
912,438,feature_used,alerts,2025-07-24T12:02:10,
913,14,feature_used,alerts,2025-06-28T13:38:58,
914,411,feature_used,alerts,2025-07-02T16:49:14,
915,657,feature_used,integrations,2025-08-27T21:26:48,
916,243,feature_used,integrations,2025-09-09T09:32:00,
917,494,feature_used,integrations,2025-07-26T01:37:13,
918,563,feature_used,alerts,2025-09-09T13:43:37,
919,530,feature_used,alerts,2025-05-30T00:51:21,
920,200,feature_used,integrations,2025-09-14T23:36:45,
921,627,feature_used,alerts,2025-09-26T13:41:50,
922,288,feature_used,integrations,2025-06-13T22:48:57,
923,533,feature_used,integrations,2025-06-30T03:42:38,
924,257,feature_used,alerts,2025-06-30T11:35:48,
925,124,feature_used,integrations,2025-07-31T03:11:17,
926,633,feature_used,integrations,2025-07-23T15:38:07,
927,184,feature_used,alerts,2025-06-18T21:22:54,
928,277,feature_used,integrations,2025-06-17T08:43:26,
929,222,feature_used,alerts,2025-06-17T22:43:56,
930,365,feature_used,integrations,2025-08-06T13:04:43,
931,282,feature_used,alerts,2025-07-13T01:42:02,
932,626,feature_used,alerts,2025-07-12T19:31:00,
933,160,feature_used,alerts,2025-10-13T00:19:14,
934,9,feature_used,alerts,2025-06-08T22:06:39,
935,109,feature_used,integrations,2025-05-30T06:34:34,
936,144,feature_used,alerts,2025-08-25T17:42:04,
937,613,feature_used,integrations,2025-07-29T15:43:23,
938,117,feature_used,alerts,2025-08-14T06:17:37,
939,596,feature_used,alerts,2025-09-10T22:23:36,
940,440,feature_used,integrations,2025-07-06T10:24:32,
941,673,feature_used,alerts,2025-07-03T04:40:10,
942,8,feature_used,alerts,2025-10-19T17:15:41,
943,484,feature_used,integrations,2025-06-14T15:07:20,
944,555,feature_used,integrations,2025-06-24T18:50:25,
945,277,feature_used,integrations,2025-06-11T11:21:10,
946,523,feature_used,integrations,2025-09-03T07:01:42,
947,584,feature_used,alerts,2025-10-04T15:34:58,
948,594,feature_used,alerts,2025-06-15T04:01:43,
949,269,feature_used,integrations,2025-08-03T01:25:58,
950,122,feature_used,alerts,2025-09-02T02:10:08,
951,19,feature_used,alerts,2025-07-08T19:10:15,
952,494,feature_used,alerts,2025-05-28T14:42:41,
953,529,feature_used,integrations,2025-06-08T23:27:36,
954,183,feature_used,alerts,2025-08-24T00:09:44,
955,205,feature_used,integrations,2025-07-10T05:09:18,
956,656,feature_used,integrations,2025-07-10T06:12:59,
957,246,feature_used,integrations,2025-06-30T22:18:10,
958,340,feature_used,integrations,2025-09-05T19:30:02,
959,341,feature_used,alerts,2025-06-24T09:35:14,
960,89,feature_used,integrations,2025-06-15T12:40:37,
961,184,feature_used,integrations,2025-08-29T01:29:17,
962,431,feature_used,integrations,2025-08-22T10:44:25,
963,694,feature_used,integrations,2025-09-08T07:52:59,
964,177,feature_used,alerts,2025-09-25T14:32:44,
965,663,feature_used,alerts,2025-08-31T15:35:41,
966,431,feature_used,integrations,2025-07-02T18:46:25,
967,57,feature_used,alerts,2025-08-17T07:41:05,
968,98,feature_used,integrations,2025-06-30T01:22:43,
969,175,feature_used,integrations,2025-07-18T03:44:27,
970,590,feature_used,alerts,2025-06-04T13:39:40,
971,593,feature_used,alerts,2025-07-14T06:06:44,
972,343,feature_used,alerts,2025-07-07T00:29:42,
973,363,feature_used,integrations,2025-06-08T16:21:16,
974,671,feature_used,alerts,2025-06-21T19:26:47,
975,703,feature_used,integrations,2025-09-09T23:30:46,
976,680,feature_used,integrations,2025-10-30T15:02:58,
977,49,feature_used,alerts,2025-05-23T01:24:53,
978,568,feature_used,integrations,2025-07-08T00:50:19,
979,29,feature_used,alerts,2025-09-28T12:20:40,
980,560,feature_used,alerts,2025-08-18T20:59:50,
981,635,feature_used,integrations,2025-07-18T04:00:30,
982,200,feature_used,alerts,2025-06-12T01:43:07,
983,557,feature_used,alerts,2025-09-02T06:02:11,
984,265,feature_used,integrations,2025-05-22T03:37:42,
985,579,feature_used,alerts,2025-08-06T14:12:24,
986,279,feature_used,alerts,2025-06-23T05:34:15,
987,660,feature_used,integrations,2025-08-21T14:28:44,
988,594,feature_used,alerts,2025-09-12T19:18:51,
989,324,feature_used,alerts,2025-09-09T09:37:46,
990,490,feature_used,integrations,2025-10-23T23:16:52,
991,291,feature_used,integrations,2025-05-23T03:21:04,
992,387,feature_used,alerts,2025-06-02T11:28:59,
993,698,feature_used,alerts,2025-07-14T03:59:46,
994,661,feature_used,integrations,2025-08-05T12:29:09,
995,328,feature_used,alerts,2025-09-22T12:58:17,
996,454,feature_used,alerts,2025-06-21T02:26:04,
997,230,feature_used,alerts,2025-06-15T03:30:48,
998,171,feature_used,integrations,2025-06-12T04:09:50,
999,519,feature_used,alerts,2025-08-03T14:03:11,
1000,600,feature_used,alerts,2025-06-22T16:00:46,
1001,580,feature_used,integrations,2025-07-18T09:37:03,
1002,692,feature_used,alerts,2025-08-09T20:49:37,
1003,437,feature_used,alerts,2025-07-10T23:35:19,
1004,470,feature_used,integrations,2025-07-29T02:49:53,
1005,273,feature_used,alerts,2025-08-04T15:55:15,
1006,416,feature_used,alerts,2025-06-27T07:09:04,
1007,131,feature_used,alerts,2025-05-28T09:39:24,
1008,434,feature_used,integrations,2025-09-26T03:31:26,
1009,662,feature_used,integrations,2025-07-26T11:52:37,
1010,265,feature_used,integrations,2025-07-10T13:44:03,
1011,178,feature_used,integrations,2025-06-25T03:32:34,
1012,385,feature_used,alerts,2025-09-29T15:21:01,
1013,678,feature_used,alerts,2025-08-13T11:17:36,
1014,460,feature_used,alerts,2025-05-28T14:14:00,
1015,186,feature_used,alerts,2025-08-09T05:52:43,
1016,511,feature_used,integrations,2025-07-27T07:09:18,
1017,548,feature_used,alerts,2025-10-01T12:17:42,
1018,553,feature_used,alerts,2025-06-12T23:05:05,
1019,540,feature_used,integrations,2025-08-27T11:02:57,
1020,363,feature_used,alerts,2025-07-09T15:07:00,
1021,674,feature_used,alerts,2025-09-02T11:22:01,
1022,698,feature_used,integrations,2025-06-23T20:03:23,
1023,538,feature_used,integrations,2025-09-10T16:05:37,
1024,387,feature_used,alerts,2025-07-01T01:55:01,
1025,318,feature_used,alerts,2025-06-06T06:45:03,
1026,482,feature_used,integrations,2025-09-19T08:22:07,
1027,435,feature_used,integrations,2025-10-04T19:13:52,
1028,490,feature_used,integrations,2025-06-20T03:07:17,
1029,172,feature_used,alerts,2025-07-31T06:00:35,
1030,690,feature_used,integrations,2025-06-15T17:22:16,
1031,662,feature_used,integrations,2025-07-27T13:02:29,
1032,442,feature_used,alerts,2025-06-19T01:33:16,
1033,135,feature_used,alerts,2025-06-04T05:56:06,
1034,617,feature_used,integrations,2025-10-01T09:50:51,
1035,443,feature_used,integrations,2025-07-06T09:53:29,
1036,234,feature_used,alerts,2025-06-07T06:44:51,
1037,155,feature_used,alerts,2025-10-21T18:21:54,
1038,581,feature_used,alerts,2025-07-23T11:10:06,
1039,290,feature_used,integrations,2025-09-24T19:26:01,
1040,578,feature_used,integrations,2025-06-10T13:59:43,
1041,222,feature_used,integrations,2025-07-14T03:21:02,
1042,680,feature_used,integrations,2025-07-28T12:24:23,
1043,642,feature_used,alerts,2025-08-11T11:27:23,
1044,283,feature_used,alerts,2025-06-09T01:23:45,
1045,687,feature_used,integrations,2025-07-16T17:07:39,
1046,101,feature_used,alerts,2025-06-16T03:35:07,
1047,630,feature_used,integrations,2025-09-03T16:26:48,
1048,254,feature_used,alerts,2025-08-11T09:47:52,
1049,327,feature_used,alerts,2025-10-05T11:03:22,
1050,603,feature_used,integrations,2025-05-31T12:52:28,
1051,114,feature_used,alerts,2025-06-21T21:57:01,
1052,505,feature_used,integrations,2025-06-19T13:01:22,
1053,541,feature_used,alerts,2025-08-30T06:46:56,
1054,418,feature_used,integrations,2025-08-08T11:43:50,
1055,675,feature_used,alerts,2025-06-10T16:34:08,
1056,308,feature_used,alerts,2025-09-12T16:23:56,
1057,494,feature_used,alerts,2025-08-07T08:50:33,
1058,212,feature_used,integrations,2025-06-28T10:19:48,
1059,612,feature_used,integrations,2025-09-14T20:26:35,
1060,540,feature_used,integrations,2025-10-15T07:14:27,
1061,185,feature_used,alerts,2025-06-27T08:00:40,
1062,239,feature_used,integrations,2025-09-08T21:32:28,
1063,19,feature_used,alerts,2025-06-23T23:27:48,
1064,658,feature_used,alerts,2025-06-15T05:15:28,
1065,292,feature_used,integrations,2025-06-28T02:57:20,
1066,54,feature_used,integrations,2025-06-22T01:35:55,
1067,332,feature_used,alerts,2025-11-06T07:43:58,
1068,695,feature_used,alerts,2025-08-29T23:47:35,
1069,204,feature_used,integrations,2025-06-01T13:10:27,
1070,232,feature_used,alerts,2025-08-21T21:05:17,
1071,490,feature_used,alerts,2025-05-29T23:56:29,
1072,448,feature_used,alerts,2025-08-21T14:35:08,
1073,688,feature_used,integrations,2025-07-10T02:18:32,
1074,599,feature_used,alerts,2025-06-09T07:59:26,
1075,675,feature_used,integrations,2025-08-16T04:40:44,
1076,176,feature_used,alerts,2025-09-16T21:22:08,
1077,584,feature_used,integrations,2025-05-31T02:03:06,
1078,696,feature_used,alerts,2025-07-11T00:28:13,
1079,154,feature_used,alerts,2025-06-04T13:35:30,
1080,480,feature_used,alerts,2025-06-11T03:16:32,
1081,42,feature_used,integrations,2025-07-22T22:47:49,
1082,52,feature_used,alerts,2025-08-13T15:50:49,
1083,439,feature_used,integrations,2025-07-17T12:06:56,
1084,279,feature_used,alerts,2025-05-28T18:52:10,
1085,516,feature_used,integrations,2025-06-23T06:15:43,
1086,656,feature_used,integrations,2025-07-11T17:27:12,
1087,250,feature_used,integrations,2025-10-03T08:59:56,
1088,412,feature_used,integrations,2025-06-26T03:26:56,
1089,393,feature_used,integrations,2025-06-26T12:09:46,
1090,600,feature_used,alerts,2025-06-28T10:49:16,
1091,152,feature_used,alerts,2025-07-06T12:27:23,
1092,694,feature_used,integrations,2025-08-24T09:56:14,
1093,80,feature_used,alerts,2025-07-17T18:46:46,
1094,216,feature_used,alerts,2025-09-06T03:09:13,
1095,244,feature_used,alerts,2025-06-02T03:26:19,
1096,602,feature_used,alerts,2025-07-01T07:04:23,
1097,264,feature_used,integrations,2025-06-20T08:09:26,
1098,242,feature_used,alerts,2025-10-21T23:42:54,
1099,672,feature_used,alerts,2025-07-29T02:05:41,
1100,628,feature_used,integrations,2025-07-19T00:15:57,
1101,1,feature_used,alerts,2025-09-03T00:43:04,
1102,519,feature_used,alerts,2025-06-29T00:33:19,
1103,436,feature_used,alerts,2025-08-12T02:18:24,
1104,266,feature_used,alerts,2025-05-30T08:19:49,
1105,501,feature_used,alerts,2025-06-09T09:45:01,
1106,526,feature_used,alerts,2025-07-13T22:58:30,
1107,253,feature_used,alerts,2025-09-19T23:11:34,
1108,615,feature_used,integrations,2025-09-04T21:13:10,
1109,663,feature_used,integrations,2025-11-07T17:51:22,
1110,617,feature_used,alerts,2025-09-09T17:25:33,
1111,599,feature_used,integrations,2025-08-27T12:02:41,
1112,647,feature_used,integrations,2025-07-10T10:11:00,
1113,180,feature_used,alerts,2025-09-06T18:24:35,
1114,465,feature_used,alerts,2025-09-27T01:19:50,
1115,605,feature_used,alerts,2025-08-25T15:13:24,
1116,397,feature_used,integrations,2025-08-20T18:53:58,
1117,513,feature_used,integrations,2025-08-16T13:13:39,
1118,123,feature_used,alerts,2025-09-19T02:24:50,
1119,423,feature_used,integrations,2025-08-25T06:33:23,
1120,413,feature_used,alerts,2025-08-20T17:47:52,
1121,2,feature_used,alerts,2025-08-12T12:18:45,
1122,92,feature_used,alerts,2025-06-14T01:59:55,
1123,617,feature_used,alerts,2025-09-09T02:01:43,
1124,604,feature_used,integrations,2025-07-26T23:15:16,
1125,330,feature_used,alerts,2025-08-09T13:23:12,
1126,439,feature_used,integrations,2025-06-13T13:26:40,
1127,687,feature_used,alerts,2025-09-12T00:25:09,
1128,148,feature_used,alerts,2025-06-07T17:33:22,
1129,398,feature_used,integrations,2025-08-29T07:09:03,
1130,182,feature_used,integrations,2025-10-08T09:58:16,
1131,621,feature_used,alerts,2025-08-03T11:02:34,
1132,125,feature_used,alerts,2025-09-23T06:09:36,
1133,476,feature_used,alerts,2025-07-27T12:38:39,
1134,588,feature_used,integrations,2025-07-13T02:22:39,
1135,253,feature_used,integrations,2025-06-02T08:40:45,
1136,131,feature_used,integrations,2025-07-26T05:28:20,
1137,432,feature_used,alerts,2025-06-25T23:41:22,
1138,453,feature_used,alerts,2025-06-14T16:07:00,
1139,584,feature_used,alerts,2025-06-21T02:42:57,
1140,2,feature_used,alerts,2025-08-09T05:31:25,
1141,194,feature_used,reports,2025-07-19T04:14:55,
1142,706,feature_used,integrations,2025-05-23T12:22:22,
1143,631,feature_used,integrations,2025-07-08T10:43:50,
1144,505,feature_used,integrations,2025-09-28T21:53:40,
1145,336,feature_used,alerts,2025-09-10T10:06:53,
1146,306,feature_used,integrations,2025-07-15T11:29:33,
1147,261,feature_used,alerts,2025-09-19T17:33:49,
1148,463,feature_used,integrations,2025-08-19T13:08:50,
1149,554,feature_used,integrations,2025-06-14T12:58:13,
1150,446,feature_used,integrations,2025-07-06T03:39:35,
1151,328,feature_used,integrations,2025-07-24T00:19:17,
1152,160,feature_used,integrations,2025-08-12T16:28:03,
1153,618,feature_used,integrations,2025-06-16T23:28:01,
1154,16,feature_used,alerts,2025-08-09T17:29:56,
1155,96,feature_used,integrations,2025-09-01T20:32:58,
1156,20,feature_used,alerts,2025-09-07T11:50:17,
1157,210,feature_used,alerts,2025-09-13T17:47:21,
1158,488,feature_used,integrations,2025-08-13T14:25:56,
1159,466,feature_used,alerts,2025-10-20T19:50:15,
1160,3,feature_used,alerts,2025-09-26T22:28:36,
1161,13,feature_used,integrations,2025-06-26T03:06:21,
1162,538,feature_used,integrations,2025-06-05T09:11:39,
1163,176,feature_used,alerts,2025-07-01T13:03:04,
1164,62,feature_used,alerts,2025-06-17T07:44:58,
1165,586,feature_used,integrations,2025-08-12T09:28:44,
1166,240,feature_used,alerts,2025-07-28T00:38:08,
1167,32,feature_used,alerts,2025-09-15T13:41:29,
1168,54,feature_used,integrations,2025-07-08T19:31:05,
1169,256,feature_used,alerts,2025-07-11T06:26:52,
1170,204,feature_used,integrations,2025-05-23T15:43:14,
1171,227,feature_used,integrations,2025-06-19T09:34:45,
1172,197,feature_used,alerts,2025-05-22T06:01:27,
1173,402,feature_used,integrations,2025-09-24T08:26:24,
1174,229,feature_used,integrations,2025-09-10T02:20:22,
1175,185,feature_used,integrations,2025-08-29T04:40:45,
1176,368,feature_used,alerts,2025-08-09T17:26:43,
1177,688,feature_used,integrations,2025-09-14T14:50:09,
1178,30,feature_used,alerts,2025-06-26T19:13:58,
1179,410,feature_used,alerts,2025-09-02T02:42:07,
1180,452,feature_used,integrations,2025-07-10T04:10:57,
1181,150,feature_used,alerts,2025-06-03T21:40:36,
1182,551,feature_used,alerts,2025-07-18T11:10:04,
1183,82,feature_used,alerts,2025-06-04T05:10:32,
1184,286,feature_used,alerts,2025-07-25T07:20:35,
1185,290,feature_used,integrations,2025-08-18T04:58:26,
1186,126,feature_used,alerts,2025-06-29T14:04:19,
1187,120,feature_used,alerts,2025-06-19T08:37:19,
1188,582,feature_used,integrations,2025-08-05T15:11:49,
1189,83,feature_used,integrations,2025-06-12T06:28:28,
1190,398,feature_used,integrations,2025-06-28T12:45:54,
1191,533,feature_used,integrations,2025-07-11T09:16:41,
1192,389,feature_used,integrations,2025-08-16T10:08:58,
1193,655,feature_used,integrations,2025-06-11T13:14:06,
1194,504,feature_used,integrations,2025-09-16T12:09:42,
1195,440,feature_used,integrations,2025-07-29T20:35:50,
1196,546,feature_used,alerts,2025-09-20T02:57:31,
1197,432,feature_used,integrations,2025-06-08T08:05:34,
1198,120,feature_used,integrations,2025-09-18T01:35:18,
1199,340,feature_used,integrations,2025-06-25T22:52:31,
1200,371,feature_used,integrations,2025-10-17T04:43:16,
