user_id,account_id,email,role,country,created_at,is_active
1,1,alex.white@acct1.io,member,NL,2025-11-22T18:34:24,TRUE
2,2,skyler.wilson@acct2.io,admin,MX,2025-11-26T14:43:54,TRUE
3,3,peyton.miller@acct3.io,member,AR,2025-12-12T10:54:10,TRUE
4,4,jamie.moore@acct4.io,member,CO,2025-12-11T13:54:30,TRUE
5,4,marley.walker@acct4.io,member,CA,2025-12-21T01:28:11,TRUE
6,4,casey.perry@acct4.io,member,JP,2025-11-30T05:39:39,TRUE
7,4,marley.perez@acct4.io,member,US,2025-11-16T00:09:46,TRUE
8,5,alex.harris@acct5.io,admin,FR,2025-12-07T05:15:41,TRUE
9,5,leslie.white@acct5.io,member,FI,2025-12-26T18:36:39,TRUE
10,5,elliot.lopez@acct5.io,member,US,2025-12-15T00:31:30,TRUE
11,5,skyler.clark@acct5.io,member,IT,2025-11-24T06:57:48,TRUE
12,6,logan.perez@acct6.io,admin,NO,2025-11-30T22:12:56,TRUE
13,6,hayden.moore@acct6.io,member,IT,2025-11-18T03:14:34,TRUE
14,6,jordan.smith@acct6.io,member,NL,2025-12-06T10:19:30,TRUE
15,6,morgan.miller@acct6.io,admin,FR,2025-12-17T09:16:23,TRUE
16,7,peyton.hernandez@acct7.io,admin,AR,2025-11-23T06:58:02,TRUE
17,7,riley.smith@acct7.io,member,PL,2025-12-11T00:15:51,TRUE
18,7,quinn.hernandez@acct7.io,admin,JP,2025-11-23T08:26:44,TRUE
19,7,elliot.lewis@acct7.io,member,IT,2025-12-23T06:19:35,TRUE
20,7,quinn.white@acct7.io,member,PL,2025-12-16T19:06:01,TRUE
21,7,peyton.johnson@acct7.io,member,GB,2025-12-11T08:29:41,TRUE
22,7,avery.thompson@acct7.io,member,IE,2025-12-17T00:03:02,TRUE
23,7,leslie.harris@acct7.io,admin,IE,2025-12-03T08:28:35,TRUE
24,8,marley.smith@acct8.io,member,AR,2025-12-14T20:47:59,TRUE
25,8,finley.martinez@acct8.io,member,PL,2025-11-29T21:20:32,TRUE
26,8,peyton.martin@acct8.io,admin,PE,2025-11-24T07:37:16,TRUE
27,8,quinn.clark@acct8.io,member,CO,2025-11-21T14:10:23,TRUE
28,9,chris.morgan@acct9.io,member,SE,2025-11-20T18:14:26,TRUE
29,9,casey.wilson@acct9.io,member,PE,2025-12-11T08:23:05,TRUE
30,9,elliot.davis@acct9.io,member,IT,2025-11-28T19:45:21,TRUE
31,9,rowan.harris@acct9.io,member,JP,2025-11-27T02:04:10,TRUE
32,9,drew.smith@acct9.io,member,IE,2025-11-26T08:47:00,TRUE
33,9,peyton.smith@acct9.io,member,DE,2025-11-28T14:11:54,TRUE
34,9,marley.smith@acct9.io,member,GB,2025-12-09T16:43:53,TRUE
35,9,logan.garcia@acct9.io,member,FR,2025-12-02T11:24:41,TRUE
36,9,logan.ramirez@acct9.io,member,PL,2025-11-30T13:24:16,TRUE
37,9,marley.sanchez@acct9.io,member,PL,2025-11-29T05:53:32,TRUE
38,10,elliot.martin@acct10.io,member,PL,2025-12-10T12:48:56,TRUE
39,10,elliot.brown@acct10.io,member,FR,2025-11-27T11:11:40,TRUE
40,10,riley.hernandez@acct10.io,admin,PE,2025-11-23T15:09:42,TRUE
41,10,pat.taylor@acct10.io,admin,JP,2025-12-07T23:18:24,TRUE
42,10,elliot.taylor@acct10.io,member,NL,2025-11-24T01:47:11,TRUE
43,10,elliot.miller@acct10.io,member,JP,2025-12-03T13:59:15,TRUE
44,10,alex.lewis@acct10.io,member,CO,2025-12-13T17:07:56,TRUE
45,11,quinn.hernandez@acct11.io,member,CL,2025-12-15T17:04:27,TRUE
46,11,logan.garcia@acct11.io,member,DE,2025-12-08T04:03:20,TRUE
47,11,pat.hernandez@acct11.io,admin,FI,2025-11-20T08:31:40,TRUE
48,11,rowan.martinez@acct11.io,member,AR,2025-11-20T12:29:31,TRUE
49,11,rory.clark@acct11.io,member,MX,2025-11-26T12:35:12,TRUE
50,11,hayden.ramirez@acct11.io,admin,AR,2025-11-22T16:38:51,TRUE
51,11,drew.johnson@acct11.io,member,IT,2025-12-14T08:37:46,TRUE
52,11,leslie.moore@acct11.io,member,US,2025-12-14T00:40:34,FALSE
53,11,chris.davis@acct11.io,member,IT,2025-11-26T14:26:48,TRUE
54,11,kendall.thompson@acct11.io,member,FR,2025-12-21T05:38:15,TRUE
55,12,logan.white@acct12.io,member,GB,2025-12-19T23:31:53,TRUE
56,12,casey.lee@acct12.io,admin,IT,2025-11-27T04:53:32,TRUE
57,12,marley.anderson@acct12.io,member,AU,2025-12-27T07:49:11,TRUE
58,12,peyton.johnson@acct12.io,member,CO,2025-12-18T00:14:04,TRUE
59,12,avery.jackson@acct12.io,member,CA,2025-12-18T18:55:06,TRUE
60,12,morgan.lewis@acct12.io,member,JP,2025-12-12T11:53:53,TRUE
61,12,peyton.gonzalez@acct12.io,member,SG,2025-12-08T04:55:40,TRUE
62,12,morgan.harris@acct12.io,member,PE,2025-12-23T00:31:57,TRUE
63,12,sam.lopez@acct12.io,member,SE,2025-11-27T20:40:36,TRUE
64,12,marley.jackson@acct12.io,member,PL,2025-12-30T15:35:09,TRUE
65,13,hayden.robinson@acct13.io,member,IN,2025-12-22T01:59:46,TRUE
66,13,finley.wilson@acct13.io,member,BR,2025-11-21T20:23:38,TRUE
67,13,quinn.lopez@acct13.io,member,IN,2025-12-13T14:10:16,TRUE
68,13,leslie.clark@acct13.io,member,PE,2025-12-01T13:09:01,TRUE
69,14,avery.williams@acct14.io,member,ZA,2025-12-05T09:47:20,TRUE
70,14,chris.brown@acct14.io,member,MX,2025-11-21T07:22:15,TRUE
71,14,marley.walker@acct14.io,member,BR,2025-11-25T10:19:12,TRUE
72,15,chris.harris@acct15.io,member,ZA,2025-11-22T18:28:40,TRUE
73,15,leslie.walker@acct15.io,admin,CA,2025-12-18T11:43:20,TRUE
74,15,peyton.robinson@acct15.io,member,PL,2025-11-22T18:50:13,TRUE
75,15,rowan.moore@acct15.io,member,JP,2025-12-11T01:14:22,TRUE
76,15,casey.anderson@acct15.io,member,NO,2025-12-29T07:42:59,TRUE
77,15,harper.hernandez@acct15.io,member,DE,2025-12-17T01:01:38,TRUE
78,16,pat.wilson@acct16.io,member,IN,2025-12-17T10:43:21,TRUE
79,16,peyton.davis@acct16.io,member,PE,2025-12-05T21:00:35,TRUE
80,16,quinn.walker@acct16.io,member,BR,2025-12-16T19:58:25,TRUE
81,16,chris.brown@acct16.io,member,ZA,2025-12-27T15:49:04,TRUE
82,17,lexi.hernandez@acct17.io,member,MX,2025-11-25T11:21:54,TRUE
83,17,harper.garcia@acct17.io,member,IN,2025-11-20T12:13:53,TRUE
84,17,quinn.perez@acct17.io,member,AR,2025-12-26T08:46:46,TRUE
85,17,elliot.smith@acct17.io,member,AU,2025-11-22T13:17:12,TRUE
86,17,harper.hernandez@acct17.io,member,CA,2025-11-30T17:29:01,TRUE
87,17,ellliot.jackson@acct17.io,member,CH,2025-12-02T13:40:22,TRUE
88,17,finley.sanchez@acct17.io,member,GB,2025-11-26T23:08:16,TRUE
89,17,kendall.smith@acct17.io,member,ZA,2025-12-08T21:57:37,TRUE
90,17,marley.clark@acct17.io,admin,IN,2025-12-01T12:30:48,TRUE
91,17,avery.smith@acct17.io,member,FR,2025-12-29T01:56:39,TRUE
92,17,quinn.brown@acct17.io,member,US,2025-12-14T05:11:45,TRUE
93,18,logan.walker@acct18.io,member,AR,2025-12-23T13:43:32,TRUE
94,18,marley.hernandez@acct18.io,member,IN,2025-11-26T09:21:40,TRUE
95,18,quinn.lewis@acct18.io,member,CA,2025-12-12T04:09:28,TRUE
96,18,finley.robinson@acct18.io,member,CO,2025-12-18T00:19:59,TRUE
97,18,casey.clark@acct18.io,member,IT,2025-12-24T09:37:16,TRUE
98,18,taylor.robinson@acct18.io,member,IN,2025-11-18T15:03:22,TRUE
99,18,peyton.hernandez@acct18.io,admin,FR,2025-12-25T11:40:45,TRUE
100,18,elliot.martin@acct18.io,member,MX,2025-11-28T19:43:25,TRUE
101,19,kendall.clark@acct19.io,member,NO,2025-12-14T12:30:20,TRUE
102,19,casey.lopez@acct19.io,member,FR,2025-12-08T13:22:16,TRUE
103,19,peyton.brown@acct19.io,member,FR,2025-12-14T22:05:40,TRUE
104,20,logan.gonzalez@acct20.io,member,IT,2025-12-21T07:09:27,TRUE
105,20,avery.martin@acct20.io,member,FI,2025-12-16T11:33:57,TRUE
106,20,quinn.hernandez@acct20.io,member,SE,2025-12-01T18:01:25,TRUE
107,21,rowan.smith@acct21.io,member,FI,2025-12-12T10:30:59,TRUE
108,21,finley.martin@acct21.io,member,PL,2025-12-18T04:28:10,TRUE
109,21,casey.jones@acct21.io,member,BR,2025-12-09T16:35:14,TRUE
110,21,taylor.harris@acct21.io,member,DE,2025-12-29T15:01:39,TRUE
111,22,avery.lopez@acct22.io,member,CA,2025-11-27T01:51:49,TRUE
112,22,peyton.white@acct22.io,member,AR,2025-11-19T03:59:10,TRUE
113,22,jamie.martin@acct22.io,member,ES,2025-11-23T01:35:18,TRUE
114,22,peyton.moore@acct22.io,admin,PL,2025-12-23T21:41:04,TRUE
115,22,leslie.lewis@acct22.io,member,IN,2025-11-21T01:35:49,TRUE
116,22,finley.taylor@acct22.io,member,BR,2025-11-24T04:41:01,TRUE
117,23,sam.harris@acct23.io,admin,MX,2025-12-30T03:08:47,TRUE
118,23,leslie.gonzalez@acct23.io,member,BR,2025-11-24T14:31:55,TRUE
119,24,avery.hernandez@acct24.io,member,BR,2025-12-13T19:26:35,TRUE
120,24,quinn.wilson@acct24.io,member,IN,2025-12-28T17:57:41,TRUE
121,24,peyton.smith@acct24.io,member,PL,2025-11-19T12:46:26,TRUE
122,24,kendall.walker@acct24.io,member,IN,2025-11-17T09:37:14,TRUE
123,24,morgan.hernandez@acct24.io,admin,ES,2025-12-12T01:00:28,TRUE
124,24,avery.clark@acct24.io,member,ZA,2025-11-19T20:42:02,TRUE
125,24,taylor.brown@acct24.io,member,AR,2025-11-24T01:35:52,TRUE
126,24,hayden.brown@acct24.io,member,SG,2025-11-19T21:38:36,TRUE
127,24,logan.taylor@acct24.io,member,US,2025-12-03T09:50:00,TRUE
128,25,peyton.lewis@acct25.io,member,FI,2025-12-29T05:57:53,TRUE
129,25,jordan.clark@acct25.io,member,AR,2025-12-20T06:33:09,TRUE
130,25,logan.walker@acct25.io,admin,PL,2025-12-15T12:31:08,TRUE
131,25,rowan.walker@acct25.io,member,JP,2025-12-09T01:51:15,TRUE
132,25,morgan.wilson@acct25.io,member,ES,2025-12-21T04:47:09,TRUE
133,25,elliot.hernandez@acct25.io,member,SG,2025-11-25T07:26:53,TRUE
134,26,chris.hernandez@acct26.io,member,PL,2025-12-08T15:03:43,TRUE
135,26,marley.hernandez@acct26.io,member,AR,2025-12-22T07:58:45,TRUE
136,26,marley.jones@acct26.io,member,NL,2025-11-24T04:00:20,TRUE
137,26,harper.jackson@acct26.io,member,FR,2025-12-10T12:43:49,TRUE
138,27,rowan.perry@acct27.io,member,NO,2025-12-07T07:16:55,TRUE
139,27,marley.martinez@acct27.io,member,MX,2025-11-27T16:58:45,TRUE
140,27,kendall.wilson@acct27.io,member,AU,2025-11-17T18:17:35,TRUE
141,27,finley.smith@acct27.io,member,US,2025-12-06T13:50:55,TRUE
142,27,elliot.brown@acct27.io,member,IE,2025-11-23T16:39:35,TRUE
143,27,elliot.jackson@acct27.io,member,SG,2025-12-17T03:37:05,TRUE
144,27,marley.jackson@acct27.io,member,BR,2025-12-29T04:35:07,TRUE
145,27,peyton.martin@acct27.io,admin,IE,2025-11-29T23:32:52,TRUE
146,27,sam.lopez@acct27.io,member,US,2025-12-23T01:03:38,TRUE
147,27,finley.hernandez@acct27.io,member,PL,2025-11-18T10:07:29,TRUE
148,27,harper.hernandez@acct27.io,member,NO,2025-12-03T15:32:06,TRUE
149,28,peyton.ramirez@acct28.io,admin,PL,2025-12-16T02:32:27,TRUE
150,28,avery.robinson@acct28.io,member,US,2025-11-22T01:26:42,TRUE
151,28,logan.clark@acct28.io,member,PL,2025-12-29T02:02:44,TRUE
152,28,chris.perez@acct28.io,member,NO,2025-12-10T16:28:32,TRUE
153,28,logan.white@acct28.io,member,IE,2025-12-17T03:10:51,TRUE
154,28,quinn.thompson@acct28.io,member,AR,2025-11-30T04:59:20,TRUE
155,28,jamie.lopez@acct28.io,member,IE,2025-12-14T05:33:08,TRUE
156,28,lewis.harris@acct28.io,member,PL,2025-11-19T20:58:13,TRUE
157,28,pat.jackson@acct28.io,member,SG,2025-11-20T18:16:05,TRUE
158,29,quinn.taylor@acct29.io,member,CA,2025-12-30T09:59:39,TRUE
159,29,jamie.davis@acct29.io,member,MX,2025-12-10T03:44:10,TRUE
160,29,harper.hernandez@acct29.io,member,AR,2025-12-16T17:16:03,TRUE
161,29,peyton.robinson@acct29.io,member,NO,2025-11-28T05:11:50,TRUE
162,29,avery.wilson@acct29.io,member,SG,2025-12-20T11:57:04,TRUE
163,29,leslie.robinson@acct29.io,member,PL,2025-12-30T16:25:00,TRUE
164,30,pat.brown@acct30.io,member,IN,2025-11-22T10:50:51,TRUE
165,30,kendall.thompson@acct30.io,member,AR,2025-11-25T03:19:24,TRUE
166,30,elliot.johnson@acct30.io,admin,DE,2025-12-01T04:02:17,TRUE
167,30,leslie.wilson@acct30.io,member,FR,2025-12-14T06:39:43,TRUE
168,30,skyler.white@acct30.io,admin,BR,2025-12-27T23:00:06,TRUE
169,30,peyton.jackson@acct30.io,member,DE,2025-11-24T01:54:26,TRUE
170,30,jamie.thompson@acct30.io,member,ES,2025-11-26T00:35:05,TRUE
171,30,marley.johnson@acct30.io,member,IN,2025-11-20T16:10:13,TRUE
172,31,hayden.wilson@acct31.io,member,PL,2025-12-13T09:17:37,TRUE
173,31,peyton.garcia@acct31.io,member,DE,2025-11-22T20:03:17,TRUE
174,31,jamie.clark@acct31.io,member,MX,2025-12-14T11:34:21,TRUE
175,32,peyton.smith@acct32.io,admin,BR,2025-12-25T10:00:21,TRUE
176,32,elliot.walker@acct32.io,member,CO,2025-12-27T07:07:52,TRUE
177,32,peyton.martin@acct32.io,member,IT,2025-11-16T00:17:40,TRUE
178,32,leslie.martin@acct32.io,member,SE,2025-11-25T21:04:27,TRUE
179,32,hayden.lopez@acct32.io,member,PL,2025-12-08T07:50:58,TRUE
180,33,morgan.robinson@acct33.io,member,PL,2025-12-22T11:47:20,TRUE
181,33,sam.robinson@acct33.io,member,PE,2025-11-28T20:42:42,TRUE
182,33,logan.perez@acct33.io,member,CO,2025-12-25T07:09:39,TRUE
183,33,leslie.white@acct33.io,member,BR,2025-11-23T04:12:35,TRUE
184,33,harper.walker@acct33.io,member,FR,2025-12-15T16:37:59,TRUE
185,34,peyton.gonzalez@acct34.io,member,AU,2025-12-01T19:03:46,TRUE
186,34,leslie.walker@acct34.io,member,FR,2025-11-29T08:42:16,TRUE
187,34,morgan.davis@acct34.io,member,IE,2025-12-31T05:21:21,TRUE
188,34,quinn.jackson@acct34.io,member,JP,2025-12-18T11:11:54,TRUE
189,34,jamie.perez@acct34.io,member,IT,2025-12-13T00:00:17,TRUE
190,35,jordan.jackson@acct35.io,member,US,2025-11-26T21:04:10,TRUE
191,35,marley.walker@acct35.io,member,AU,2025-11-17T09:41:30,TRUE
192,35,logan.harris@acct35.io,member,IN,2025-12-02T06:48:15,TRUE
193,35,marley.johnson@acct35.io,member,BR,2025-11-28T18:05:08,TRUE
194,35,elliot.jackson@acct35.io,member,PE,2025-11-25T21:36:03,TRUE
195,35,harper.wilson@acct35.io,member,DE,2025-11-20T22:11:55,TRUE
196,35,chris.ramirez@acct35.io,member,ES,2025-12-15T15:19:11,TRUE
197,35,chris.perry@acct35.io,admin,FR,2025-12-14T11:56:08,TRUE
198,36,marley.ramirez@acct36.io,member,PL,2025-11-23T05:45:25,TRUE
199,36,peyton.brown@acct36.io,member,AU,2025-11-21T00:38:34,TRUE
200,36,jamie.martin@acct36.io,member,ZA,2025-12-08T22:45:13,TRUE
201,36,marley.miller@acct36.io,member,BR,2025-12-01T17:45:57,TRUE
202,36,rowan.wilson@acct36.io,member,NO,2025-12-24T23:02:05,TRUE
203,36,elliot.robinson@acct36.io,member,IT,2025-11-19T03:43:54,TRUE
204,36,harper.hernandez@acct36.io,member,CO,2025-12-03T02:22:14,TRUE
205,37,hayden.williams@acct37.io,member,BR,2025-12-24T11:38:02,TRUE
206,37,rowan.miller@acct37.io,member,BR,2025-12-12T08:32:23,TRUE
207,37,peyton.lewis@acct37.io,member,FR,2025-11-16T15:02:05,TRUE
208,37,chris.davis@acct37.io,member,IT,2025-12-31T16:04:37,TRUE
209,38,quinn.white@acct38.io,member,NO,2025-12-07T18:09:44,TRUE
210,38,rowan.lopez@acct38.io,member,CA,2025-12-12T17:40:08,TRUE
211,38,elliot.davis@acct38.io,member,IE,2025-12-12T03:20:20,FALSE
212,39,logan.hernandez@acct39.io,member,BR,2025-12-13T04:16:44,TRUE
213,39,leslie.jackson@acct39.io,member,ZA,2025-12-02T14:05:26,TRUE
214,39,quinn.wilson@acct39.io,admin,PE,2025-11-17T23:11:48,TRUE
215,39,peyton.lewis@acct39.io,member,AU,2025-12-07T13:51:49,TRUE
216,39,skyler.clark@acct39.io,member,ZA,2025-11-26T14:07:19,TRUE
217,40,peyton.lopez@acct40.io,member,SG,2025-11-30T06:20:11,TRUE
218,40,finley.brown@acct40.io,member,FR,2025-12-19T17:56:47,TRUE
219,40,rowan.brown@acct40.io,member,DE,2025-11-30T10:31:51,TRUE
220,40,taylor.harris@acct40.io,member,ZA,2025-11-23T01:39:07,TRUE
221,40,casey.moore@acct40.io,member,PE,2025-12-31T13:13:38,TRUE
222,40,peyton.clark@acct40.io,member,JP,2025-12-13T21:46:19,TRUE
223,40,logan.white@acct40.io,member,CH,2025-12-02T02:51:12,TRUE
224,40,peyton.lewis@acct40.io,member,AR,2025-11-20T18:34:54,TRUE
225,40,finley.smith@acct40.io,member,BR,2025-12-27T12:13:17,TRUE
226,41,casey.smith@acct41.io,member,DE,2025-11-29T00:33:48,TRUE
227,41,elliot.anderson@acct41.io,member,US,2025-12-30T22:28:04,TRUE
228,41,logan.clark@acct41.io,member,AR,2025-12-22T00:01:35,TRUE
229,41,jordan.perry@acct41.io,member,NO,2025-11-28T03:02:49,TRUE
230,42,rowan.ramirez@acct42.io,member,AR,2025-11-19T22:57:47,TRUE
231,42,skyler.jackson@acct42.io,member,IN,2025-12-19T10:40:19,TRUE
232,42,marley.williams@acct42.io,member,IT,2025-12-19T10:36:16,TRUE
233,42,logan.smith@acct42.io,member,AU,2025-11-28T11:05:08,TRUE
234,42,leslie.robinson@acct42.io,member,IE,2025-11-21T15:57:45,TRUE
235,42,peyton.harris@acct42.io,member,IN,2025-12-28T22:37:09,TRUE
236,42,harper.hernandez@acct42.io,member,JP,2025-12-19T08:25:53,TRUE
237,42,elliot.anderson@acct42.io,admin,BR,2025-11-19T06:06:15,TRUE
238,42,elliot.martin@acct42.io,member,IT,2025-12-08T09:01:31,TRUE
239,43,logan.smith@acct43.io,member,GB,2025-12-11T05:16:21,TRUE
240,43,casey.hernandez@acct43.io,admin,ZA,2025-12-25T05:06:40,TRUE
241,43,peyton.thompson@acct43.io,member,PE,2025-12-07T00:15:04,TRUE
242,43,casey.lopez@acct43.io,member,AR,2025-12-01T13:57:12,TRUE
243,43,quinn.lopez@acct43.io,member,JP,2025-12-05T02:37:10,TRUE
244,44,ashley.walker@acct44.io,member,CA,2025-11-18T16:13:20,TRUE
245,44,avery.robinson@acct44.io,member,AR,2025-12-11T06:09:58,TRUE
246,44,jamie.wilson@acct44.io,member,ZA,2025-11-26T12:40:24,TRUE
247,44,rowan.gonzalez@acct44.io,member,PE,2025-12-21T09:42:12,TRUE
248,44,marley.smith@acct44.io,member,FR,2025-11-22T09:09:52,TRUE
249,45,finley.davis@acct45.io,admin,FR,2025-11-17T14:37:05,TRUE
250,45,quinn.robinson@acct45.io,member,ZA,2025-12-03T12:40:57,TRUE
251,45,logan.robinson@acct45.io,member,BR,2025-12-18T17:37:40,TRUE
252,46,peyton.walker@acct46.io,member,ZA,2025-11-22T10:30:05,TRUE
253,46,finley.brown@acct46.io,member,MX,2025-12-18T15:51:35,TRUE
254,46,taylor.garcia@acct46.io,member,FR,2025-12-09T18:38:10,TRUE
255,46,peyton.ramirez@acct46.io,member,CA,2025-12-10T03:12:32,TRUE
256,46,marley.williams@acct46.io,member,GB,2025-12-18T23:16:13,TRUE
257,46,logan.wilson@acct46.io,member,FR,2025-11-18T02:11:50,TRUE
258,46,rowan.smith@acct46.io,admin,AU,2025-12-13T01:23:39,TRUE
259,47,finley.gonzalez@acct47.io,member,PE,2025-11-20T13:25:52,TRUE
260,47,harper.reese@acct47.io,member,ZA,2025-12-20T23:32:49,TRUE
261,47,quinn.robinson@acct47.io,member,CA,2025-12-31T14:57:32,TRUE
262,47,logan.jones@acct47.io,member,BR,2025-12-11T03:34:18,TRUE
263,48,leslie.jackson@acct48.io,member,ZA,2025-11-26T02:10:34,TRUE
264,48,chris.walker@acct48.io,member,CA,2025-12-02T22:08:57,TRUE
265,48,logan.robinson@acct48.io,member,AR,2025-11-17T00:57:25,TRUE
266,48,rowan.jones@acct48.io,member,US,2025-11-16T22:33:44,TRUE
267,48,peyton.walker@acct48.io,member,AR,2025-12-04T09:38:39,TRUE
268,48,avery.brown@acct48.io,member,AR,2025-12-08T19:49:43,TRUE
269,49,hayden.hernandez@acct49.io,member,BR,2025-11-21T11:38:49,TRUE
270,49,leslie.walker@acct49.io,member,ZA,2025-11-21T02:37:21,TRUE
271,49,casey.smith@acct49.io,member,ES,2025-11-28T02:15:46,TRUE
272,49,finley.martin@acct49.io,member,PE,2025-12-18T22:18:49,TRUE
273,49,sam.anderson@acct49.io,member,CA,2025-12-31T05:59:18,TRUE
274,50,harper.martinez@acct50.io,member,ES,2025-11-25T04:25:28,TRUE
275,50,leslie.anderson@acct50.io,admin,AR,2025-11-17T14:49:41,TRUE
276,50,avery.anderson@acct50.io,member,FR,2025-12-12T05:19:32,TRUE
277,50,peyton.jackson@acct50.io,member,AR,2025-12-08T07:52:09,TRUE
278,50,logan.robinson@acct50.io,member,BR,2025-11-21T14:12:31,TRUE
279,51,alex.garcia@acct51.io,member,PL,2025-11-26T21:32:24,TRUE
280,51,peyton.wilson@acct51.io,member,IN,2025-11-17T09:42:09,TRUE
281,51,taylor.harris@acct51.io,member,IE,2025-12-26T02:29:25,TRUE
282,51,rowan.clark@acct51.io,member,BR,2025-12-24T08:11:20,TRUE
283,52,finley.white@acct52.io,member,ZA,2025-12-19T06:11:58,TRUE
284,52,peyton.jackson@acct52.io,member,CA,2025-12-02T06:08:35,TRUE
285,52,alex.jones@acct52.io,member,ES,2025-12-08T02:17:41,TRUE
286,52,marley.smith@acct52.io,member,ZA,2025-11-16T10:52:15,TRUE
287,52,jamie.martinez@acct52.io,member,FI,2025-11-20T10:55:16,TRUE
288,53,peyton.hernandez@acct53.io,member,PL,2025-12-22T22:22:40,TRUE
289,53,logan.johnson@acct53.io,member,US,2025-11-26T15:30:50,TRUE
290,53,logan.walker@acct53.io,member,AR,2025-11-27T17:52:40,TRUE
291,53,rowan.smith@acct53.io,member,FR,2025-11-20T21:22:22,TRUE
292,53,harper.robinson@acct53.io,member,IN,2025-12-18T09:05:18,TRUE
293,53,kendall.clark@acct53.io,member,BR,2025-11-24T11:41:22,TRUE
294,54,peyton.reese@acct54.io,member,ZA,2025-12-07T21:44:19,TRUE
295,54,avery.smith@acct54.io,member,PE,2025-12-21T22:31:57,TRUE
296,54,quinn.jackson@acct54.io,member,ES,2025-12-04T03:08:02,TRUE
297,55,peyton.white@acct55.io,member,FR,2025-12-08T16:21:45,TRUE
298,55,logan.davis@acct55.io,member,MX,2025-11-23T23:04:39,TRUE
299,55,casey.brown@acct55.io,admin,NO,2025-12-09T22:35:41,TRUE
300,55,quinn.lewis@acct55.io,member,CA,2025-12-21T12:28:34,TRUE
301,55,finley.sanchez@acct55.io,member,ES,2025-11-17T20:14:37,TRUE
302,56,harper.wilson@acct56.io,member,US,2025-12-30T11:02:52,TRUE
303,56,finley.johnson@acct56.io,member,ZA,2025-12-18T12:02:49,TRUE
304,56,chris.walker@acct56.io,member,NL,2025-11-22T01:05:47,TRUE
305,56,rowan.johnson@acct56.io,member,IE,2025-11-16T02:03:39,TRUE
306,57,finley.walker@acct57.io,member,AR,2025-12-19T04:07:55,TRUE
307,57,quinn.robinson@acct57.io,member,FI,2025-12-26T06:47:20,TRUE
308,57,casey.martin@acct57.io,member,BR,2025-11-29T16:53:40,TRUE
309,57,peyton.hernandez@acct57.io,member,ZA,2025-12-18T05:07:27,TRUE
310,57,leslie.reese@acct57.io,member,US,2025-11-20T03:04:31,TRUE
311,58,avery.robinson@acct58.io,member,ES,2025-11-21T19:32:54,TRUE
312,58,rowan.robinson@acct58.io,member,PL,2025-11-19T14:48:55,TRUE
313,58,alex.thompson@acct58.io,member,AU,2025-12-30T17:00:18,TRUE
314,58,harper.thompson@acct58.io,member,PE,2025-12-17T09:44:59,TRUE
315,58,finley.harris@acct58.io,member,AR,2025-11-30T05:11:13,TRUE
316,59,quinn.walker@acct59.io,member,FR,2025-11-22T12:01:47,TRUE
317,59,elliot.brown@acct59.io,member,US,2025-12-20T16:16:25,TRUE
318,59,rowan.hernandez@acct59.io,member,PL,2025-11-16T11:49:43,TRUE
319,59,logan.johnson@acct59.io,member,NO,2025-12-13T20:50:19,TRUE
320,60,avery.jackson@acct60.io,member,PE,2025-12-09T16:24:08,TRUE
321,60,pat.robinson@acct60.io,member,MX,2025-12-10T18:06:26,TRUE
322,60,elliot.jackson@acct60.io,member,BR,2025-12-29T02:10:26,TRUE
323,60,peyton.martin@acct60.io,member,BR,2025-11-24T15:06:35,TRUE
324,61,chris.martin@acct61.io,admin,BR,2025-12-20T21:00:08,TRUE
325,61,logan.robinson@acct61.io,member,ZA,2025-12-07T04:32:28,TRUE
326,61,logan.jackson@acct61.io,member,SG,2025-12-27T02:31:21,TRUE
327,61,leslie.taylor@acct61.io,member,ZA,2025-12-16T06:17:25,TRUE
328,62,avery.perry@acct62.io,member,NO,2025-12-28T14:18:26,TRUE
329,62,jamie.walker@acct62.io,member,US,2025-12-15T20:01:46,TRUE
330,62,logan.perry@acct62.io,member,SG,2025-12-16T15:38:21,TRUE
331,63,chris.davis@acct63.io,member,PE,2025-12-12T05:19:09,TRUE
332,63,peyton.lee@acct63.io,member,PE,2025-11-27T19:22:12,TRUE
333,63,marley.miller@acct63.io,member,US,2025-11-27T01:57:06,TRUE
334,63,logan.davis@acct63.io,member,US,2025-12-10T01:07:35,TRUE
335,63,marley.smith@acct63.io,member,MX,2025-12-04T03:39:23,TRUE
336,63,leslie.lopez@acct63.io,admin,AR,2025-12-13T10:02:02,TRUE
337,64,logan.clark@acct64.io,member,ZA,2025-12-04T00:40:23,TRUE
338,64,quinn.lopez@acct64.io,member,ZA,2025-12-06T08:26:51,TRUE
339,64,elliot.gonzalez@acct64.io,member,IN,2025-12-09T03:02:31,TRUE
340,65,peyton.brown@acct65.io,member,CA,2025-12-02T15:54:04,TRUE
341,65,logan.white@acct65.io,admin,US,2025-12-05T03:05:26,TRUE
342,65,rowan.jackson@acct65.io,member,CO,2025-11-21T06:04:52,TRUE
343,65,leslie.johnson@acct65.io,member,ES,2025-11-30T09:48:11,TRUE
344,65,harper.johnson@acct65.io,member,AU,2025-12-03T19:53:32,TRUE
345,65,finley.white@acct65.io,member,BR,2025-12-18T15:53:47,TRUE
346,65,jamie.johnson@acct65.io,member,BR,2025-12-17T16:16:00,TRUE
347,66,marley.taylor@acct66.io,member,ES,2025-12-31T17:30:22,TRUE
348,66,rowan.robinson@acct66.io,member,FR,2025-12-24T17:37:37,TRUE
349,66,harper.brown@acct66.io,admin,BR,2025-12-11T09:37:27,TRUE
350,66,logan.perry@acct66.io,member,US,2025-12-21T11:42:34,TRUE
351,66,finley.robinson@acct66.io,member,ES,2025-12-07T21:42:52,TRUE
352,66,chris.jackson@acct66.io,member,CO,2025-12-25T09:47:37,TRUE
353,66,avery.clark@acct66.io,member,FI,2025-11-30T18:53:30,TRUE
354,66,rowan.miller@acct66.io,member,AU,2025-12-24T15:33:17,TRUE
355,66,rowan.smith@acct66.io,member,FR,2025-12-25T20:55:29,TRUE
356,66,logan.reese@acct66.io,member,IN,2025-12-30T00:18:04,TRUE
357,67,rowan.taylor@acct67.io,member,SG,2025-11-28T22:47:33,TRUE
358,67,logan.walker@acct67.io,member,ZA,2025-11-22T22:53:42,TRUE
359,67,jamie.walker@acct67.io,member,GB,2025-12-30T11:35:47,TRUE
360,67,marley.anderson@acct67.io,member,CH,2025-11-26T09:01:55,TRUE
361,68,peyton.perry@acct68.io,member,ZA,2025-11-16T06:11:16,TRUE
362,68,marley.perry@acct68.io,member,FR,2025-11-20T10:03:34,TRUE
363,68,harper.walker@acct68.io,member,BR,2025-11-25T19:31:52,TRUE
364,69,rowan.davis@acct69.io,member,BR,2025-12-05T21:04:19,TRUE
365,69,peyton.lopez@acct69.io,member,CA,2025-11-26T10:39:41,TRUE
366,69,avery.reese@acct69.io,member,MX,2025-12-05T22:46:32,TRUE
367,70,marley.robinson@acct70.io,member,FR,2025-12-20T22:21:12,TRUE
368,70,leslie.perry@acct70.io,member,IN,2025-12-08T23:09:53,TRUE
369,70,quinn.martin@acct70.io,member,AU,2025-12-16T07:50:33,TRUE
370,71,jamie.garcia@acct71.io,member,AR,2025-12-13T15:34:37,TRUE
371,71,rowan.jackson@acct71.io,member,BR,2025-11-21T07:46:25,TRUE
372,71,avery.martinez@acct71.io,member,NO,2025-11-24T10:47:07,TRUE
373,72,logan.clark@acct72.io,member,AR,2025-12-03T23:52:51,TRUE
374,72,finley.jones@acct72.io,member,FR,2025-12-06T00:57:55,TRUE
375,72,logan.moore@acct72.io,member,CO,2025-12-18T00:08:56,TRUE
376,72,jamie.harris@acct72.io,member,BR,2025-11-26T18:17:04,TRUE
377,72,quinn.smith@acct72.io,member,CA,2025-11-16T22:59:27,TRUE
378,73,marley.robinson@acct73.io,member,FR,2025-12-22T15:58:02,TRUE
379,73,drew.smith@acct73.io,member,ES,2025-12-04T07:53:37,TRUE
380,73,peyton.smith@acct73.io,member,BR,2025-12-06T09:08:51,TRUE
381,73,jordan.lewis@acct73.io,member,PL,2025-11-27T21:31:32,TRUE
382,73,leslie.perry@acct73.io,member,ZA,2025-12-20T02:27:40,TRUE
383,73,avery.jackson@acct73.io,member,NO,2025-11-29T02:12:49,TRUE
384,73,marley.wilson@acct73.io,member,PE,2025-12-30T11:31:31,TRUE
385,74,rowan.robinson@acct74.io,member,ZA,2025-11-28T01:25:52,TRUE
386,74,peyton.jones@acct74.io,member,US,2025-12-02T13:03:39,TRUE
387,74,chris.martinez@acct74.io,admin,NO,2025-11-24T07:56:43,TRUE
388,74,logan.davis@acct74.io,member,AR,2025-11-21T06:09:26,TRUE
389,74,casey.brown@acct74.io,member,ZA,2025-11-27T15:19:52,TRUE
390,74,marley.anderson@acct74.io,member,CA,2025-12-29T11:45:15,TRUE
391,75,rowan.clark@acct75.io,member,CA,2025-11-17T12:17:49,TRUE
392,75,rowan.coleman@acct75.io,member,BR,2025-11-19T18:02:13,TRUE
393,75,peyton.jackson@acct75.io,member,ES,2025-11-19T11:23:21,TRUE
394,75,chris.thompson@acct75.io,member,DE,2025-12-18T09:16:37,TRUE
395,75,leslie.jackson@acct75.io,member,ZA,2025-12-07T09:27:38,TRUE
396,76,marley.anderson@acct76.io,member,IN,2025-12-27T09:31:36,TRUE
397,76,logan.jackson@acct76.io,member,BR,2025-12-12T16:27:05,TRUE
398,76,jamie.hernandez@acct76.io,member,ZA,2025-12-06T21:17:42,TRUE
399,76,rowan.reese@acct76.io,member,BR,2025-12-27T06:17:22,TRUE
400,76,quinn.perry@acct76.io,member,CA,2025-11-17T06:13:09,TRUE
401,76,sam.lewis@acct76.io,member,ZA,2025-11-28T01:51:55,TRUE
402,76,casey.taylor@acct76.io,member,BR,2025-11-20T22:38:44,TRUE
403,76,avery.hernandez@acct76.io,member,ZA,2025-12-14T23:44:02,TRUE
404,76,taylor.robinson@acct76.io,admin,AR,2025-11-23T17:55:52,TRUE
405,76,leslie.jackson@acct76.io,member,ZA,2025-12-15T14:51:09,TRUE
406,77,rowan.wilson@acct77.io,member,ZA,2025-11-22T13:35:47,TRUE
407,77,harper.white@acct77.io,member,DE,2025-11-19T14:46:22,TRUE
408,77,peyton.perry@acct77.io,member,ES,2025-12-20T04:39:15,TRUE
409,77,marley.harris@acct77.io,member,CA,2025-12-12T20:14:03,TRUE
410,77,avery.reese@acct77.io,member,PE,2025-12-01T09:53:29,TRUE
411,77,leslie.smith@acct77.io,member,BR,2025-12-02T16:10:33,TRUE
412,77,quinn.taylor@acct77.io,member,MX,2025-12-27T15:15:26,TRUE
413,77,finley.walker@acct77.io,member,CO,2025-11-19T05:25:57,TRUE
414,77,logan.martinez@acct77.io,member,MX,2025-12-11T17:55:00,TRUE
415,78,peyton.brown@acct78.io,member,CA,2025-11-30T03:32:53,TRUE
416,78,drew.jackson@acct78.io,member,PL,2025-11-30T19:46:24,TRUE
417,78,logan.jackson@acct78.io,member,BR,2025-12-22T06:25:29,TRUE
418,79,harper.robinson@acct79.io,member,BR,2025-11-17T21:39:10,TRUE
419,79,avery.clark@acct79.io,member,AR,2025-12-15T15:31:25,TRUE
420,79,rowan.white@acct79.io,member,FI,2025-11-27T12:07:20,TRUE
421,80,avery.perry@acct80.io,member,ZA,2025-11-22T00:35:58,TRUE
422,80,chris.perry@acct80.io,admin,ZA,2025-11-17T07:09:58,TRUE
423,80,quinn.ramirez@acct80.io,member,PE,2025-12-27T14:29:39,TRUE
424,80,harper.jones@acct80.io,member,ZA,2025-11-26T09:11:45,TRUE
425,80,rowan.lopez@acct80.io,member,DE,2025-12-31T12:40:55,TRUE
426,80,peyton.walker@acct80.io,member,FI,2025-11-21T21:18:01,TRUE
427,80,ashley.harris@acct80.io,member,AR,2025-11-26T08:12:09,TRUE
428,81,logan.brown@acct81.io,member,FR,2025-12-17T01:34:07,TRUE
429,81,quinn.jackson@acct81.io,member,BR,2025-12-21T13:31:58,TRUE
430,81,chris.wilson@acct81.io,member,MX,2025-11-23T20:48:23,TRUE
431,81,avery.martin@acct81.io,member,PE,2025-12-11T08:20:09,TRUE
432,81,peyton.garcia@acct81.io,member,ZA,2025-12-20T05:00:48,TRUE
433,82,rowan.anderson@acct82.io,member,BR,2025-11-29T21:20:34,TRUE
434,82,quinn.brown@acct82.io,member,AR,2025-12-26T18:40:44,TRUE
435,82,logan.wilson@acct82.io,member,ZA,2025-12-17T02:08:59,TRUE
436,82,kendall.walker@acct82.io,member,ES,2025-12-31T21:09:14,TRUE
437,82,harper.jackson@acct82.io,admin,ES,2025-11-30T07:42:05,TRUE
438,83,peyton.smith@acct83.io,admin,ZA,2025-11-27T18:04:32,TRUE
439,83,jamie.walker@acct83.io,member,CO,2025-12-25T00:34:36,TRUE
440,83,avery.jackson@acct83.io,member,PE,2025-12-30T14:40:37,TRUE
441,84,leslie.robinson@acct84.io,member,BR,2025-11-22T17:11:25,TRUE
442,84,rowan.jackson@acct84.io,member,IN,2025-11-20T00:02:58,TRUE
443,84,avery.lopez@acct84.io,member,CA,2025-12-16T16:20:07,TRUE
444,84,quinn.smith@acct84.io,member,BR,2025-11-18T21:56:36,TRUE
445,84,logan.clark@acct84.io,member,ZA,2025-12-28T04:48:29,TRUE
446,84,peyton.jones@acct84.io,member,PL,2025-11-26T02:53:30,TRUE
447,84,chris.harris@acct84.io,member,ES,2025-12-02T06:39:53,TRUE
448,84,jamie.clark@acct84.io,member,IN,2025-12-09T04:17:32,TRUE
449,85,avery.robinson@acct85.io,member,ZA,2025-11-19T12:12:38,TRUE
450,85,chris.harris@acct85.io,member,BR,2025-11-20T01:55:41,TRUE
451,85,peyton.jones@acct85.io,member,PL,2025-11-22T06:12:19,TRUE
452,85,quinn.robinson@acct85.io,member,PE,2025-12-30T06:31:32,TRUE
453,85,harper.clark@acct85.io,member,CO,2025-12-10T01:31:07,TRUE
454,85,logan.lopez@acct85.io,member,CA,2025-12-22T13:39:40,TRUE
455,85,marley.clark@acct85.io,member,PL,2025-12-20T13:43:48,TRUE
456,86,peyton.walker@acct86.io,member,FR,2025-12-03T08:40:19,TRUE
457,86,marley.perry@acct86.io,member,ES,2025-12-26T03:01:35,TRUE
458,86,rowan.jackson@acct86.io,member,CO,2025-12-15T18:34:05,TRUE
459,86,peyton.reese@acct86.io,member,ZA,2025-12-06T12:49:28,TRUE
460,86,avery.clark@acct86.io,member,FR,2025-11-21T19:16:20,TRUE
461,87,peyton.wilson@acct87.io,member,BR,2025-12-15T09:15:22,TRUE
462,87,rowan.hernandez@acct87.io,member,ZA,2025-11-29T13:47:13,TRUE
463,87,logan.gonzales@acct87.io,member,ZA,2025-12-20T12:55:44,TRUE
464,87,avery.jackson@acct87.io,member,BR,2025-12-29T05:23:49,TRUE
465,87,harper.perry@acct87.io,member,AR,2025-11-24T16:26:15,TRUE
466,87,jamie.wilson@acct87.io,member,ZA,2025-11-21T03:25:07,TRUE
467,87,peyton.jones@acct87.io,member,PE,2025-11-29T08:41:11,TRUE
468,87,quinn.jackson@acct87.io,admin,ZA,2025-11-27T07:15:16,TRUE
469,87,marley.martin@acct87.io,member,AR,2025-12-04T07:08:44,TRUE
470,88,rowan.smith@acct88.io,member,CA,2025-12-24T05:25:03,TRUE
471,88,chris.johnson@acct88.io,member,ZA,2025-12-12T07:55:02,TRUE
472,88,avery.robinson@acct88.io,member,MX,2025-11-23T23:45:43,TRUE
473,88,kendall.lopez@acct88.io,member,BR,2025-12-01T15:39:09,TRUE
474,89,quinn.walker@acct89.io,member,PE,2025-12-16T22:05:47,TRUE
475,89,harper.lopez@acct89.io,member,CA,2025-12-10T23:26:31,TRUE
476,89,chris.perry@acct89.io,member,BR,2025-11-26T22:38:38,TRUE
477,89,peyton.brown@acct89.io,member,ZA,2025-12-14T10:38:27,TRUE
478,89,logan.reese@acct89.io,member,ZA,2025-12-26T06:04:09,TRUE
479,90,peyton.perry@acct90.io,member,CL,2025-11-23T02:31:52,TRUE
480,90,avery.clark@acct90.io,member,CO,2025-12-16T14:49:37,TRUE
481,90,rowan.brown@acct90.io,member,ZA,2025-11-26T08:14:10,TRUE
482,91,casey.jackson@acct91.io,member,ZA,2025-11-22T23:22:31,TRUE
483,91,peyton.lewis@acct91.io,member,PL,2025-12-09T21:47:20,TRUE
484,91,logan.clark@acct91.io,admin,ES,2025-11-26T08:30:02,TRUE
485,91,harper.walker@acct91.io,member,BR,2025-11-29T00:27:17,TRUE
486,92,peyton.clark@acct92.io,member,ZA,2025-12-20T19:07:15,TRUE
487,92,chris.brown@acct92.io,member,CA,2025-11-30T13:46:28,TRUE
488,92,logan.perry@acct92.io,member,ZA,2025-12-14T01:37:46,TRUE
489,93,avery.martin@acct93.io,member,MX,2025-12-20T10:23:53,TRUE
490,93,logan.jones@acct93.io,member,ZA,2025-11-26T03:22:33,TRUE
491,93,chris.hernandez@acct93.io,member,PE,2025-12-18T12:57:23,TRUE
492,94,jamie.hernandez@acct94.io,member,FR,2025-12-03T06:22:58,TRUE
493,94,avery.gonzalez@acct94.io,member,IN,2025-12-15T12:31:55,TRUE
494,94,quinn.jackson@acct94.io,admin,BR,2025-12-26T20:06:23,TRUE
495,94,rowan.taylor@acct94.io,member,ZA,2025-11-30T10:15:19,TRUE
496,94,chris.white@acct94.io,member,CO,2025-12-19T21:02:44,TRUE
497,95,rowan.jackson@acct95.io,member,CA,2025-12-03T13:54:36,TRUE
498,95,peyton.lewis@acct95.io,member,ZA,2025-11-28T10:27:39,TRUE
499,95,logan.clark@acct95.io,member,ZA,2025-12-19T21:58:36,TRUE
500,95,chris.robinson@acct95.io,member,MX,2025-12-10T02:49:57,TRUE
501,95,avery.smith@acct95.io,member,ZA,2025-11-29T12:43:22,TRUE
502,96,chris.jackson@acct96.io,member,PE,2025-11-28T20:51:43,TRUE
503,96,marley.reese@acct96.io,member,IN,2025-12-09T05:51:47,TRUE
504,96,rowan.hernandez@acct96.io,member,IN,2025-12-27T22:27:17,TRUE
505,96,logan.clark@acct96.io,member,ZA,2025-11-27T10:56:47,TRUE
506,97,marley.perry@acct97.io,member,ZA,2025-11-28T10:18:00,TRUE
507,97,chris.robinson@acct97.io,member,FR,2025-12-29T05:06:22,TRUE
508,97,rowan.jackson@acct97.io,member,CO,2025-12-10T11:50:55,TRUE
509,98,jamie.lopez@acct98.io,member,ZA,2025-12-09T05:19:06,TRUE
510,98,avery.wilson@acct98.io,admin,BR,2025-12-09T15:19:39,TRUE
511,98,peyton.reese@acct98.io,member,PL,2025-12-11T09:52:02,TRUE
512,98,logan.jackson@acct98.io,member,ZA,2025-11-25T14:39:48,TRUE
513,98,chris.clark@acct98.io,member,MX,2025-11-26T11:07:41,TRUE
514,99,quinn.clark@acct99.io,member,ZA,2025-12-29T18:59:47,TRUE
515,99,logan.perry@acct99.io,member,BR,2025-12-24T08:18:43,TRUE
516,99,avery.robinson@acct99.io,member,BR,2025-11-27T23:33:59,TRUE
517,100,rowan.brown@acct100.io,member,PL,2025-12-24T10:00:37,TRUE
518,100,chris.smith@acct100.io,member,AR,2025-11-25T19:20:36,TRUE
519,100,peyton.jackson@acct100.io,member,ZA,2025-11-17T12:44:19,TRUE
520,100,logan.reese@acct100.io,member,CA,2025-12-07T21:35:44,TRUE
521,100,avery.martin@acct100.io,member,ZA,2025-12-09T16:38:07,TRUE
522,101,avery.thompson@acct101.io,member,ZA,2025-12-27T23:53:28,TRUE
523,101,peyton.taylor@acct101.io,member,FR,2025-12-04T22:39:38,TRUE
524,101,jamie.walker@acct101.io,member,CA,2025-12-31T21:58:58,TRUE
525,102,harper.lopez@acct102.io,member,MX,2025-12-10T11:14:37,TRUE
526,102,logan.clark@acct102.io,member,ZA,2025-12-30T21:00:57,TRUE
527,102,leslie.perry@acct102.io,admin,CO,2025-12-22T07:19:25,TRUE
528,102,rowan.wilson@acct102.io,member,MX,2025-12-06T16:21:10,TRUE
529,102,peyton.anderson@acct102.io,member,CA,2025-11-29T17:38:12,TRUE
530,102,chris.jackson@acct102.io,member,BR,2025-12-31T20:10:46,TRUE
531,103,quinn.thompson@acct103.io,member,ZA,2025-12-05T04:32:17,TRUE
532,103,rowan.brown@acct103.io,member,PE,2025-11-27T13:34:47,TRUE
533,103,avery.lopez@acct103.io,member,ZA,2025-12-26T00:40:13,TRUE
534,103,peyton.ramirez@acct103.io,member,ES,2025-12-18T11:30:40,TRUE
535,103,logan.smith@acct103.io,member,BR,2025-11-24T02:44:23,TRUE
536,104,harper.perry@acct104.io,member,CA,2025-12-29T19:02:21,TRUE
537,104,leslie.davis@acct104.io,member,PL,2025-12-27T17:54:35,TRUE
538,104,avery.miller@acct104.io,member,ZA,2025-12-11T18:58:25,TRUE
539,105,rowan.jackson@acct105.io,member,ZA,2025-12-04T08:20:25,TRUE
540,105,peyton.smith@acct105.io,member,AU,2025-11-23T09:55:20,TRUE
541,105,avery.garcia@acct105.io,member,US,2025-11-24T14:31:42,TRUE
542,105,logan.martin@acct105.io,member,PL,2025-12-10T13:37:50,TRUE
543,105,leslie.perry@acct105.io,member,ZA,2025-12-10T00:35:48,TRUE
544,106,peyton.taylor@acct106.io,member,FR,2025-12-29T14:54:58,TRUE
545,106,chris.robinson@acct106.io,member,ZA,2025-12-30T17:50:22,TRUE
546,106,rowan.smith@acct106.io,member,CA,2025-11-20T10:07:51,TRUE
547,106,avery.jackson@acct106.io,member,BR,2025-11-20T10:26:31,TRUE
548,106,peyton.white@acct106.io,admin,ZA,2025-12-06T11:35:13,TRUE
549,106,jamie.hernandez@acct106.io,member,CA,2025-12-26T15:17:17,TRUE
550,107,rowan.jackson@acct107.io,member,CO,2025-11-26T10:05:29,TRUE
551,107,peyton.white@acct107.io,member,PE,2025-12-14T10:05:33,TRUE
552,107,avery.gonzalez@acct107.io,member,BR,2025-12-08T11:15:01,TRUE
553,107,logan.martin@acct107.io,member,AR,2025-11-23T10:05:08,TRUE
554,108,leslie.robinson@acct108.io,member,ZA,2025-12-14T10:20:05,TRUE
555,108,peyton.jackson@acct108.io,member,BR,2025-11-17T22:39:13,TRUE
556,108,jamie.white@acct108.io,member,CA,2025-11-25T21:14:47,TRUE
557,109,avery.jackson@acct109.io,member,PL,2025-12-12T12:51:09,TRUE
558,109,peyton.smith@acct109.io,member,FR,2025-11-23T12:35:41,TRUE
559,109,rowan.clark@acct109.io,member,ZA,2025-12-09T03:11:08,TRUE
560,109,logan.brown@acct109.io,member,BR,2025-12-30T16:02:23,TRUE
561,110,peyton.garcia@acct110.io,member,BR,2025-11-25T17:55:47,TRUE
562,110,leslie.wilson@acct110.io,member,ZA,2025-12-20T05:39:50,TRUE
563,110,rowan.taylor@acct110.io,member,CO,2025-11-22T17:31:42,TRUE
564,111,chris.moore@acct111.io,member,ZA,2025-12-06T02:44:36,TRUE
565,111,peyton.ramirez@acct111.io,admin,CA,2025-12-24T13:33:44,TRUE
566,111,avery.perry@acct111.io,member,BR,2025-11-26T14:53:39,TRUE
567,112,rowan.robinson@acct112.io,member,AR,2025-12-13T04:36:10,TRUE
568,112,peyton.thompson@acct112.io,member,BR,2025-11-22T09:38:57,TRUE
569,112,logan.jackson@acct112.io,member,ZA,2025-11-27T14:22:06,TRUE
570,112,alex.reese@acct112.io,member,FR,2025-11-20T18:39:20,TRUE
571,113,peyton.martin@acct113.io,member,MX,2025-11-28T11:06:21,TRUE
572,113,avery.walker@acct113.io,member,BR,2025-11-28T13:04:43,TRUE
573,113,logan.brown@acct113.io,member,ZA,2025-11-25T17:39:28,TRUE
574,113,chris.robinson@acct113.io,member,CO,2025-11-18T05:19:10,TRUE
575,113,rowan.miller@acct113.io,member,ZA,2025-11-19T23:39:26,TRUE
576,114,avery.lopez@acct114.io,member,CA,2025-12-17T02:12:23,TRUE
577,114,peyton.brown@acct114.io,member,PL,2025-12-28T06:23:24,TRUE
578,114,rowan.perry@acct114.io,member,ES,2025-12-22T21:21:35,TRUE
579,115,jamie.smith@acct115.io,member,ZA,2025-11-19T00:32:27,TRUE
580,115,logan.jackson@acct115.io,member,BR,2025-12-09T18:46:29,TRUE
581,115,peyton.hernandez@acct115.io,member,CO,2025-12-16T00:09:44,TRUE
582,115,avery.clark@acct115.io,member,FR,2025-12-08T13:49:23,TRUE
583,115,chris.perry@acct115.io,admin,PE,2025-12-29T20:11:14,TRUE
584,115,rowan.walker@acct115.io,member,ZA,2025-11-17T00:45:35,TRUE
585,116,rowan.brown@acct116.io,member,ZA,2025-12-21T21:09:41,TRUE
586,116,peyton.perry@acct116.io,member,CA,2025-12-11T19:10:15,TRUE
587,116,logan.white@acct116.io,member,FR,2025-12-15T23:11:37,TRUE
588,116,avery.jackson@acct116.io,member,IN,2025-12-02T10:50:47,TRUE
589,117,peyton.robinson@acct117.io,member,ZA,2025-11-30T23:01:29,TRUE
590,117,logan.jackson@acct117.io,member,BR,2025-12-07T11:43:05,TRUE
591,117,avery.anderson@acct117.io,member,ZA,2025-11-25T16:06:13,TRUE
592,117,rowan.thompson@acct117.io,member,CO,2025-12-04T19:27:46,TRUE
593,118,rowan.perry@acct118.io,member,CO,2025-11-23T05:29:32,TRUE
594,118,avery.jackson@acct118.io,member,ZA,2025-11-17T21:02:08,TRUE
595,118,peyton.gonzalez@acct118.io,member,FR,2025-12-26T18:51:30,TRUE
596,118,logan.clark@acct118.io,member,BR,2025-11-28T11:37:02,TRUE
597,119,avery.moore@acct119.io,member,ZA,2025-11-20T13:08:03,TRUE
598,119,peyton.jackson@acct119.io,member,BR,2025-12-28T11:14:09,TRUE
599,120,rowan.wilson@acct120.io,member,ZA,2025-12-13T05:59:26,TRUE
600,120,logan.perry@acct120.io,member,MX,2025-12-11T06:59:02,TRUE
601,120,peyton.reese@acct120.io,member,PE,2025-12-21T21:01:24,TRUE
602,121,peyton.robinson@acct121.io,member,ZA,2025-12-01T15:18:43,TRUE
603,121,rowan.jackson@acct121.io,member,FR,2025-12-06T00:46:51,TRUE
604,121,avery.thompson@acct121.io,member,PE,2025-11-26T12:59:43,TRUE
605,122,logan.clark@acct122.io,member,ZA,2025-11-27T06:11:46,TRUE
606,122,avery.robinson@acct122.io,member,BR,2025-12-25T10:21:04,TRUE
607,122,peyton.jackson@acct122.io,member,BR,2025-12-29T23:01:55,TRUE
608,123,rowan.martin@acct123.io,member,MX,2025-12-14T13:21:30,TRUE
609,123,peyton.walker@acct123.io,member,ZA,2025-12-14T22:43:57,TRUE
610,123,jamie.clark@acct123.io,admin,PL,2025-12-28T14:55:33,TRUE
611,123,avery.brown@acct123.io,member,FR,2025-11-29T12:14:19,TRUE
612,124,logan.jackson@acct124.io,member,ZA,2025-12-22T05:27:05,TRUE
613,124,avery.lopez@acct124.io,member,BR,2025-11-28T04:55:15,TRUE
614,124,peyton.robinson@acct124.io,member,ZA,2025-12-13T16:50:43,TRUE
615,124,rowan.perry@acct124.io,member,CA,2025-12-29T15:32:16,TRUE
616,124,avery.white@acct124.io,member,ZA,2025-12-21T19:24:04,TRUE
617,125,logan.reese@acct125.io,member,CO,2025-12-24T01:05:19,TRUE
618,125,peyton.walker@acct125.io,member,AR,2025-11-18T14:23:04,TRUE
619,125,chris.perry@acct125.io,member,ZA,2025-11-28T07:33:09,TRUE
620,126,avery.jackson@acct126.io,member,BR,2025-11-29T07:24:35,TRUE
621,126,peyton.brown@acct126.io,member,ZA,2025-12-24T20:51:05,TRUE
622,126,jamie.smith@acct126.io,admin,CO,2025-12-21T23:02:22,TRUE
623,126,rowan.taylor@acct126.io,member,ZA,2025-12-08T01:46:10,TRUE
624,127,peyton.clark@acct127.io,member,FR,2025-12-09T21:15:36,TRUE
625,127,rowan.jackson@acct127.io,member,ZA,2025-12-01T23:08:31,TRUE
626,127,avery.walker@acct127.io,member,BR,2025-11-19T01:50:01,TRUE
627,128,logan.lewis@acct128.io,member,ZA,2025-12-26T04:59:39,TRUE
628,128,peyton.jackson@acct128.io,member,CA,2025-12-31T15:36:37,TRUE
629,128,rowan.brown@acct128.io,member,BR,2025-12-13T02:28:13,TRUE
630,128,avery.perry@acct128.io,member,ZA,2025-12-27T19:43:11,TRUE
631,129,logan.robinson@acct129.io,member,BR,2025-12-27T11:27:43,TRUE
632,129,avery.brown@acct129.io,member,CA,2025-12-18T23:21:32,TRUE
633,129,peyton.jackson@acct129.io,member,ZA,2025-11-21T03:25:54,TRUE
634,130,avery.wilson@acct130.io,member,ZA,2025-12-08T18:28:16,TRUE
635,130,peyton.moore@acct130.io,member,BR,2025-12-16T06:33:57,TRUE
636,130,rowan.jackson@acct130.io,member,CA,2025-11-21T15:55:54,TRUE
637,130,logan.walker@acct130.io,member,ZA,2025-11-26T17:15:22,TRUE
638,131,peyton.lopez@acct131.io,member,ZA,2025-11-30T18:38:47,TRUE
639,131,rowan.perry@acct131.io,member,BR,2025-12-04T08:00:01,TRUE
640,131,avery.brown@acct131.io,member,ZA,2025-12-11T23:15:14,TRUE
641,132,rowan.jackson@acct132.io,member,AR,2025-12-07T14:43:12,TRUE
642,132,peyton.white@acct132.io,member,ZA,2025-12-24T04:41:40,TRUE
643,132,avery.clark@acct132.io,member,BR,2025-11-17T04:21:09,TRUE
644,133,peyton.moore@acct133.io,member,CO,2025-12-17T16:51:02,TRUE
645,133,rowan.walker@acct133.io,member,ZA,2025-11-22T19:18:09,TRUE
646,133,avery.perry@acct133.io,member,BR,2025-11-24T22:22:54,TRUE
647,134,rowan.jackson@acct134.io,member,ZA,2025-11-23T19:45:25,TRUE
648,134,peyton.white@acct134.io,member,CA,2025-12-29T07:47:01,TRUE
649,134,avery.lopez@acct134.io,member,BR,2025-11-25T07:12:17,TRUE
650,135,peyton.taylor@acct135.io,member,FR,2025-12-03T22:12:39,TRUE
651,135,rowan.smith@acct135.io,member,ZA,2025-12-02T23:31:20,TRUE
652,135,avery.walker@acct135.io,member,BR,2025-11-20T03:41:05,TRUE
653,136,rowan.jackson@acct136.io,member,CA,2025-12-23T15:45:21,TRUE
654,136,peyton.lopez@acct136.io,member,BR,2025-11-24T13:53:39,TRUE
655,136,avery.perry@acct136.io,member,ZA,2025-11-21T11:43:38,TRUE
656,136,logan.walker@acct136.io,member,MX,2025-11-22T05:10:29,TRUE
657,137,peyton.jackson@acct137.io,member,ZA,2025-12-11T09:54:32,TRUE
658,137,rowan.perry@acct137.io,member,BR,2025-11-30T22:51:40,TRUE
659,137,avery.wilson@acct137.io,member,ZA,2025-12-27T22:08:31,TRUE
660,138,rowan.white@acct138.io,member,BR,2025-12-09T11:39:38,TRUE
661,138,peyton.taylor@acct138.io,member,ZA,2025-12-17T08:07:04,TRUE
662,138,avery.lopez@acct138.io,member,CA,2025-12-14T06:56:59,TRUE
663,139,peyton.lopez@acct139.io,member,ZA,2025-12-07T07:17:14,TRUE
664,139,rowan.jackson@acct139.io,member,BR,2025-12-20T13:14:47,TRUE
665,139,avery.perry@acct139.io,member,ZA,2025-12-04T19:49:42,TRUE
666,140,peyton.white@acct140.io,member,FR,2025-12-28T20:59:17,TRUE
667,140,rowan.lopez@acct140.io,member,ZA,2025-11-26T03:25:14,TRUE
668,140,avery.wilson@acct140.io,member,BR,2025-12-25T20:31:35,TRUE
669,141,rowan.smith@acct141.io,member,ZA,2025-12-05T04:31:28,TRUE
670,141,peyton.jackson@acct141.io,member,BR,2025-11-26T20:44:53,TRUE
671,141,avery.lopez@acct141.io,member,CO,2025-12-04T16:49:05,TRUE
672,142,peyton.martin@acct142.io,member,ZA,2025-12-24T22:05:02,TRUE
673,142,rowan.jackson@acct142.io,member,BR,2025-12-11T09:34:37,TRUE
674,142,avery.clark@acct142.io,member,ZA,2025-12-05T13:44:05,TRUE
675,143,rowan.perry@acct143.io,member,BR,2025-12-22T03:14:52,TRUE
676,143,peyton.jackson@acct143.io,member,ZA,2025-11-30T01:19:57,TRUE
677,143,avery.white@acct143.io,member,CO,2025-11-22T20:51:35,TRUE
678,144,peyton.wilson@acct144.io,member,BR,2025-12-09T13:37:44,TRUE
679,144,rowan.jackson@acct144.io,member,ZA,2025-11-23T16:11:01,TRUE
680,144,avery.robinson@acct144.io,member,PE,2025-11-25T02:03:52,TRUE
681,145,peyton.taylor@acct145.io,member,BR,2025-11-16T04:25:09,TRUE
682,145,rowan.jackson@acct145.io,member,ZA,2025-12-26T05:08:15,TRUE
683,145,avery.clark@acct145.io,member,CA,2025-12-06T01:21:28,TRUE
684,146,peyton.anderson@acct146.io,member,ZA,2025-11-28T11:54:26,TRUE
685,146,rowan.perry@acct146.io,member,FR,2025-12-30T07:36:09,TRUE
686,146,avery.jackson@acct146.io,member,BR,2025-11-18T23:11:02,TRUE
687,147,peyton.brown@acct147.io,member,BR,2025-11-27T04:44:46,TRUE
688,147,rowan.jackson@acct147.io,member,ZA,2025-11-17T01:04:40,TRUE
689,147,avery.walker@acct147.io,member,CO,2025-11-30T04:24:51,TRUE
690,148,peyton.lopez@acct148.io,member,CA,2025-12-17T17:26:32,TRUE
691,148,rowan.jackson@acct148.io,member,BR,2025-11-21T02:26:36,TRUE
692,148,avery.robinson@acct148.io,member,ZA,2025-12-01T22:19:09,TRUE
693,149,rowan.martin@acct149.io,member,ZA,2025-12-02T03:10:13,TRUE
694,149,peyton.jackson@acct149.io,member,BR,2025-11-22T09:57:45,TRUE
695,149,avery.walker@acct149.io,member,CO,2025-12-31T09:20:24,TRUE
696,150,rowan.clark@acct150.io,member,ZA,2025-12-06T07:19:56,TRUE
697,150,peyton.jackson@acct150.io,member,FR,2025-12-05T12:18:01,TRUE
698,150,avery.brown@acct150.io,member,ZA,2025-12-11T19:35:31,TRUE
699,151,rowan.jackson@acct151.io,member,PL,2025-11-16T20:39:17,TRUE
700,151,peyton.white@acct151.io,member,CA,2025-12-18T21:31:02,TRUE
701,151,avery.clark@acct151.io,member,BR,2025-12-16T05:27:16,TRUE
702,152,rowan.perry@acct152.io,member,ZA,2025-11-30T16:47:46,TRUE
703,152,peyton.lopez@acct152.io,member,BR,2025-12-09T10:34:19,TRUE
704,152,avery.jackson@acct152.io,member,ZA,2025-12-08T08:51:21,TRUE
705,153,rowan.walker@acct153.io,member,ZA,2025-11-30T21:02:03,TRUE
706,153,peyton.jackson@acct153.io,member,CA,2025-12-14T22:44:46,TRUE
707,153,avery.brown@acct153.io,member,BR,2025-12-06T14:27:14,TRUE
708,180,marley.thompson@acct180.io,admin,US,2025-12-04T18:22:53,TRUE
